Time (s),FORCE_COEFFICIENT_CD,FORCE_COEFFICIENT_CL,PRESSURE_FORCE_X,PRESSURE_FORCE_Y,PRESSURE_FORCE_Z,PRESSURE_MOMENT_X,PRESSURE_MOMENT_Y,PRESSURE_MOMENT_Z,VISCOUS_FORCE_X,VISCOUS_FORCE_Y,VISCOUS_FORCE_Z,VISCOUS_MOMENT_X,VISCOUS_MOMENT_Y,VISCOUS_MOMENT_Z
1,1.325238855,-1.054809378,1197.081296,537.2678105,-990.566933,-572.7711632,2588.88171,616.6703079,45.71180349,0.7811790313,1.37935251,0.01596016653,12.91238172,-24.82152196
2,1.970920662,-1.811970668,1804.927173,917.9790838,-1701.053508,-972.4345811,4404.546523,1122.248374,43.37857871,1.054546716,1.809153538,0.0442010269,10.71108979,-22.87420898
3,1.165790023,-1.613859672,1052.294823,850.8061886,-1515.416738,-863.2879013,3821.998608,1331.785687,40.96907455,1.491069641,1.958499076,-0.02693229842,9.580752824,-20.33049531
4,-0.07820572771,-0.976654471,-112.1461654,551.353185,-917.8740496,-515.8367733,2232.953817,1286.56666,38.80577216,1.658772122,1.97920346,-0.04192770335,8.793835553,-18.69363228
5,-0.4273870337,-0.6946934704,-437.8638093,349.018614,-653.3119422,-336.3543748,1670.961809,1037.417482,37.06537638,1.598216042,1.836739818,-0.02580503889,8.649732764,-17.86703223
6,0.3067321905,-0.9897079647,251.9292318,363.3216202,-929.7753398,-441.3692289,2611.647279,708.9406641,35.72053662,1.51128534,1.639083857,-0.03361654493,8.7644315,-17.29354899
7,1.194023695,-1.482081569,1085.243587,478.7581739,-1391.335955,-647.276389,3946.464487,495.2786997,34.49751007,1.526661349,1.457639126,-0.09847617451,8.807396494,-16.53309831
8,1.405464396,-1.733953359,1284.62256,532.6404829,-1627.223559,-740.7377081,4527.429558,473.5339135,33.40508925,1.643824673,1.142900982,-0.2430648834,9.4493397,-15.58562247
9,0.9762873972,-1.664923214,880.7799888,477.4594515,-1562.329254,-684.4056146,4252.05621,557.1727626,34.77061994,1.868695224,0.9842375001,-0.4044488652,10.51634342,-15.55560242
10,0.5065066219,-1.48277373,434.9290745,382.2950111,-1391.5775,-585.7995948,3737.169517,606.7301981,40.06675899,2.107734821,1.050084748,-0.4784847449,12.73893931,-17.59364239
11,0.4467251511,-1.420943575,370.7707757,331.7307232,-1333.968072,-553.3218677,3589.689211,556.0285511,48.16271166,2.335859395,1.424233499,-0.3690326675,15.67582229,-21.36652657
12,0.7320992686,-1.504072795,631.1245033,340.7762136,-1412.465846,-590.73859,3841.576098,440.4665202,55.42940795,2.469038825,1.964422288,-0.1129287645,17.98820811,-25.18012815
13,1.01169997,-1.613009564,886.7954197,368.6129616,-1515.071351,-633.3291181,4138.610507,338.5489614,61.96467531,2.566228099,2.41033286,0.1255761022,20.25337934,-28.76217125
14,1.048050253,-1.63430051,917.0738888,372.1827165,-1535.210879,-632.0342887,4172.629442,297.2015334,65.77506518,2.614822991,2.583467758,0.2094111535,21.73288224,-30.83783114
15,0.9003460544,-1.568872982,776.3848455,344.5914038,-1473.883409,-594.9693693,3956.382011,300.36014,67.94888297,2.638251798,2.613148158,0.1866305885,22.56151381,-31.97086134
16,0.7691440222,-1.496732502,651.8650977,309.3596661,-1406.213564,-561.9196479,3714.943045,304.4206107,69.428939,2.650021089,2.595780525,0.1252782291,23.05888512,-32.73580911
17,0.7717616388,-1.475047714,653.1158173,289.1314262,-1385.848037,-555.0669151,3617.247159,281.3459766,70.63298887,2.655101561,2.56598669,0.05091491821,23.40032655,-33.38862611
18,0.8663563775,-1.502542821,740.8306472,286.7050223,-1411.572919,-566.9081333,3670.150828,235.4033028,71.6279701,2.659498139,2.506287053,-0.04658971554,23.70994608,-33.94511029
19,0.941399304,-1.533629186,810.4601954,289.7324907,-1440.634115,-575.0983299,3747.624975,191.011594,72.37277804,2.669444112,2.415063366,-0.1616110866,24.01940305,-34.34619943
20,0.9411976183,-1.535786894,809.8349872,286.4988848,-1442.537974,-568.4954381,3751.992332,165.0580669,72.80884784,2.686542066,2.295449884,-0.28462841,24.32397506,-34.54549692
21,0.8954251488,-1.512895619,766.7817302,276.9755291,-1420.926191,-553.6059911,3681.800086,157.8846553,72.93723203,2.709535194,2.150829174,-0.4113346483,24.61718824,-34.55952054
22,0.8640616811,-1.492985263,737.5056245,268.1971335,-1402.106169,-543.4016079,3610.711376,157.2856142,72.80105402,2.736075129,2.00250007,-0.5373242515,24.84411039,-34.42601485
23,0.8737201818,-1.494728138,746.892915,266.8173512,-1403.602655,-543.6776442,3594.656702,155.5104026,72.47138961,2.760917835,1.864539787,-0.6520270573,24.99440783,-34.19745803
24,0.9043289248,-1.515184314,776.0778839,271.2130449,-1422.663028,-550.4705657,3632.565918,150.3634615,71.99093263,2.777485331,1.741355962,-0.7476542357,25.07259737,-33.90059888
25,0.9232063546,-1.536434167,794.3624921,274.7454229,-1442.487464,-555.3797342,3679.091917,141.0638355,71.40935168,2.786819542,1.637934147,-0.8180288087,25.07626233,-33.55813145
26,0.9181773342,-1.54693673,790.3039161,273.695898,-1452.24507,-555.2857771,3699.437314,130.3089317,70.75177268,2.793177066,1.546362405,-0.8693560286,25.03452498,-33.1725496
27,0.9030435038,-1.54973783,776.8031161,270.3987099,-1454.793925,-553.0817553,3697.843942,120.8975187,70.06024805,2.800980651,1.468379952,-0.9062834173,24.95229415,-32.76627122
28,0.8956214981,-1.553891175,770.5446291,267.8555051,-1458.624832,-552.5501864,3698.919689,113.3615791,69.35846722,2.811194451,1.404329261,-0.9330899098,24.84190457,-32.3528425
29,0.9006048955,-1.564264366,775.8969855,267.2318679,-1468.303346,-554.6205032,3716.059119,106.6002818,68.67948103,2.822663107,1.354990254,-0.9483374861,24.71312509,-31.96028921
30,0.9091859193,-1.579256493,784.601089,267.658439,-1482.321083,-558.1988884,3744.593207,99.87542314,68.02255878,2.834801506,1.3132895,-0.9541320789,24.58004735,-31.58862229
31,0.9118815187,-1.592534037,787.7472545,266.7606777,-1494.744017,-560.6966045,3768.054606,90.87499516,67.40429409,2.846640055,1.284703385,-0.9488353973,24.41947971,-31.25059939
32,0.9067919832,-1.600653758,783.5653712,263.7680656,-1502.339233,-561.478775,3777.480959,79.66376582,66.81327201,2.858408433,1.265341829,-0.9366878797,24.23406708,-30.93686921
33,0.8995319612,-1.603850061,777.3092658,259.3086237,-1505.329058,-560.8965729,3774.718925,66.78811777,66.26101588,2.872252193,1.257712162,-0.9174384631,24.01745839,-30.65341631
34,0.8955306282,-1.606122677,774.0792379,255.0240724,-1507.46051,-560.5752796,3771.420606,54.46471017,65.73864171,2.888886492,1.257932793,-0.8941743383,23.78506333,-30.39060449
35,0.8955871026,-1.610431591,774.6115659,251.8002801,-1511.511416,-561.1472882,3773.622778,43.60037685,65.25927469,2.908257148,1.267990103,-0.8648025311,23.53642686,-30.15787473
36,0.8960337244,-1.617428647,775.4757251,249.392407,-1518.087029,-562.6437867,3781.05272,34.68012059,64.81395207,2.928557231,1.281847978,-0.8331181415,23.29294158,-29.94804711
37,0.8941675747,-1.62553462,774.1282928,247.0489406,-1525.710764,-564.3586475,3789.588929,27.02529843,64.41133155,2.948680459,1.303898232,-0.7966056596,23.04130663,-29.76836677
38,0.8897621841,-1.633659851,770.3716051,243.9568665,-1533.3533,-566.1584514,3797.867524,19.51500923,64.03669676,2.968437729,1.326691349,-0.7601163379,22.80195972,-29.6072652
39,0.8845682342,-1.640718908,765.8380116,239.6180724,-1539.99647,-567.5049659,3804.921066,11.14442042,63.69946633,2.988798093,1.349961709,-0.7228363684,22.57525096,-29.47170522
40,0.8799260012,-1.647384948,761.799297,234.5059886,-1546.267879,-568.6890425,3812.95013,2.392156023,63.38475054,3.008705143,1.370038762,-0.6889807387,22.36524534,-29.3523964
41,0.8764213613,-1.654316011,758.7954425,229.3045226,-1552.788534,-569.6928197,3822.883662,-5.978005603,63.10199582,3.029367235,1.390826195,-0.6557215261,22.16030757,-29.2558295
42,0.8734537926,-1.662644686,756.2771415,224.5544064,-1560.617968,-571.1022573,3837.121942,-12.95250989,62.83734647,3.052346562,1.409728543,-0.6255495266,21.9666127,-29.16403229
43,0.8704857981,-1.672393409,753.7304941,220.490358,-1569.781962,-573.0829102,3855.038388,-17.76836371,62.60064428,3.076725891,1.431485612,-0.5943319048,21.77204431,-29.08855085
44,0.8672618639,-1.683408666,750.931961,216.695883,-1580.13223,-575.6236824,3875.60339,-20.98131219,62.37581053,3.101661239,1.451778349,-0.5646705658,21.58722549,-29.01748336
45,0.8639801918,-1.694561338,748.058487,212.6208734,-1590.614822,-578.0732498,3896.315432,-24.01686339,62.17177191,3.126583084,1.475529353,-0.5330966048,21.39731559,-28.96134631
46,0.8605340757,-1.70517058,745.025003,208.1241611,-1600.586101,-580.1855551,3915.816152,-27.6185942,61.97352956,3.150362179,1.497587401,-0.5035766435,21.21468684,-28.90886525
47,0.8570130098,-1.714171637,741.9042413,203.3258645,-1609.051838,-581.5589428,3931.550664,-32.28190767,61.79227786,3.171017064,1.522242251,-0.4719487107,21.02981089,-28.87439193
48,0.8532111139,-1.721765802,738.518239,198.5196323,-1616.197369,-582.5075724,3942.823347,-37.08557565,61.61290778,3.187212094,1.546055527,-0.440863284,20.85180886,-28.84774885
49,0.8492570074,-1.728319883,734.9754605,193.7909235,-1622.372421,-583.1008427,3949.801912,-41.64300005,61.44757257,3.199682263,1.574768926,-0.4066960553,20.66485884,-28.8373487
50,0.8448270345,-1.734253119,730.9887577,189.399852,-1627.965479,-583.6761539,3954.0527,-45.51428728,61.27989995,3.208966186,1.603709269,-0.3734961948,20.48026607,-28.82666866
51,0.8399672984,-1.738983892,726.5880327,185.4749187,-1632.434932,-583.9177868,3955.382219,-48.57777728,61.12322275,3.215929145,1.636700695,-0.3386052399,20.28667588,-28.82507384
52,0.8346980745,-1.74292022,721.8074425,182.03256,-1636.157482,-584.1218882,3955.650193,-50.81873301,60.96239794,3.220434918,1.667808689,-0.3062750132,20.10369997,-28.81840023
53,0.8292938939,-1.746146293,716.8910587,179.0735252,-1639.216075,-584.2490629,3955.100711,-52.38370474,60.81080603,3.223310521,1.701028994,-0.2733338349,19.91994813,-28.81711255
54,0.8238198799,-1.749322873,711.9154242,176.7301966,-1642.223595,-584.6628555,3955.053644,-52.93913513,60.65297595,3.225172705,1.729590123,-0.2450113749,19.74941332,-28.80575504
55,0.8185076843,-1.75238483,707.0844633,174.9458075,-1645.125211,-585.1504953,3955.235862,-52.37515059,60.50222353,3.226645768,1.759740796,-0.2161719958,19.57491245,-28.79408468
56,0.813235572,-1.755717067,702.3008616,173.6387678,-1648.277066,-585.9230445,3956.863851,-50.73131898,60.34170153,3.227379448,1.786663887,-0.1906054754,19.40904416,-28.76842583
57,0.8082587584,-1.758969068,697.7882105,172.6215059,-1651.355349,-586.771957,3959.323033,-48.67341766,60.18715651,3.228185431,1.815259684,-0.1645409692,19.2387063,-28.74067159
58,0.8034466504,-1.76240971,693.4396366,171.9115702,-1654.604071,-587.950008,3963.163409,-46.10804682,60.02299335,3.229701204,1.837387784,-0.1442775814,19.08403395,-28.69778142
59,0.7991413201,-1.766267792,689.5592491,171.3700806,-1658.242425,-589.3656161,3968.944545,-43.16358376,59.86589371,3.232821096,1.857679604,-0.1260379503,18.93417204,-28.65389394
60,0.7950751164,-1.771124116,685.9135479,171.0341336,-1662.807347,-591.3145431,3977.470818,-39.56068486,59.69835788,3.236501983,1.868398842,-0.114893505,18.80912988,-28.59604911
61,0.7913761742,-1.776301145,682.6060613,170.7649563,-1667.669959,-593.373564,3986.90368,-35.8479041,59.53702082,3.241478503,1.876055182,-0.1060109558,18.69635455,-28.53574098
62,0.7880534228,-1.782007651,679.6621017,170.6547678,-1673.020177,-595.839993,3997.316906,-32.04902669,59.36494402,3.247044827,1.874780538,-0.1034504017,18.61207966,-28.45912453
63,0.785517388,-1.787404235,677.4492521,170.5412369,-1678.078449,-598.3819669,4007.476368,-28.80702032,59.19953059,3.253331624,1.872200004,-0.1013706424,18.53818434,-28.37981049
64,0.7835041336,-1.793101624,675.7371144,170.4096817,-1683.411408,-601.3426963,4018.322098,-25.94694884,59.02366247,3.259571478,1.862216006,-0.1042893533,18.49202203,-28.28338343
65,0.7820700474,-1.798734295,674.560354,170.1145199,-1688.682974,-604.3355416,4028.855781,-23.6609909,58.85555406,3.265728456,1.851531695,-0.1072762731,18.45542173,-28.1848682
66,0.7808926649,-1.805089581,673.634321,169.826886,-1694.624393,-607.7824528,4040.054484,-21.55250764,58.67745185,3.270750994,1.833038841,-0.1153765594,18.44405351,-28.07353761
67,0.7800934998,-1.811661055,673.0564366,169.5220492,-1700.767445,-611.3298107,4050.72239,-20.00289968,58.50588884,3.274737857,1.813441782,-0.1234256552,18.43909457,-27.96402845
68,0.7794199917,-1.818495227,672.6069453,169.3117091,-1707.150482,-615.0929878,4060.75034,-18.64481648,58.32377238,3.277368046,1.787474753,-0.1355308003,18.45255374,-27.84420219
69,0.7790970103,-1.824937785,672.4777973,169.07517,-1713.167576,-618.6793627,4069.389394,-17.65227518,58.15003229,3.279797411,1.762814416,-0.1463038979,18.46257943,-27.7296339
70,0.7789379604,-1.831005592,672.5110458,168.7976757,-1718.828996,-622.200433,4077.322793,-17.05589485,57.96762861,3.280938148,1.733917577,-0.1598487991,18.48164026,-27.60898955
71,0.7790145784,-1.836460708,672.7555329,168.3276279,-1723.919019,-625.4050668,4084.653195,-17.14672219,57.79499294,3.280661236,1.708199186,-0.1701971813,18.48826376,-27.49834482
72,0.779095848,-1.841302498,673.0112384,167.7544794,-1728.429862,-628.4449438,4091.364757,-17.43196082,57.61550116,3.277693064,1.678469441,-0.1827147003,18.50163173,-27.3870663
73,0.7794205173,-1.845037577,673.4834823,167.058482,-1731.905232,-630.9441232,4095.865432,-18.0761044,57.44772826,3.273230073,1.651126836,-0.1925237692,18.50475957,-27.28817302
74,0.7796957753,-1.847791113,673.9144444,166.2526147,-1734.457509,-632.9467988,4098.150423,-18.92632318,57.27489973,3.26765474,1.621170978,-0.2037769448,18.51201242,-27.18731063
75,0.7799038329,-1.849646048,674.2681684,165.38048,-1736.170439,-634.3434082,4098.765698,-20.02999006,57.11628966,3.262295989,1.594564783,-0.2118836293,18.50712413,-27.09598264
76,0.7798321439,-1.850995287,674.3629888,164.6019474,-1737.40655,-635.5104761,4098.834729,-21.080568,56.9542402,3.256947844,1.565376001,-0.2217307486,18.50700612,-27.00011692
77,0.7796409695,-1.851614283,674.3305954,163.8475204,-1737.961215,-636.3002612,4098.174464,-22.18884955,56.80735255,3.252403364,1.539553813,-0.2288346729,18.49502562,-26.91428181
78,0.7792632739,-1.851714886,674.1262062,163.0489721,-1738.027074,-636.9168195,4097.194906,-23.14014438,56.65754338,3.249171097,1.511069014,-0.238366872,18.48730328,-26.82181025
79,0.7790765567,-1.851159021,674.0868643,162.0704995,-1737.481829,-637.1048124,4095.298847,-24.42653359,56.52178414,3.247526757,1.487107763,-0.2451022187,18.46578342,-26.7357737
80,0.7788816415,-1.850205322,674.0446511,160.9824137,-1736.561398,-637.0527673,4092.626827,-25.88348419,56.38120812,3.246644242,1.461043263,-0.2536153485,18.44716343,-26.6408672
81,0.7788270668,-1.848704305,674.1202035,159.7098811,-1735.131786,-636.6180431,4088.987659,-27.82115448,56.25447625,3.246633295,1.439067479,-0.258811887,18.41706726,-26.55150959
82,0.7786872478,-1.846854682,674.1200148,158.2970685,-1733.373983,-636.0371433,4084.983816,-30.11317347,56.12354443,3.246397576,1.415819054,-0.2651535369,18.3917627,-26.45545614
83,0.7787517713,-1.844650008,674.2978867,156.7015481,-1731.289135,-635.1955908,4080.815552,-33.05306086,56.00618178,3.246081007,1.398487405,-0.2670233541,18.35335845,-26.36607631
84,0.7790114673,-1.842479285,674.6634353,154.9761526,-1729.235715,-634.3881474,4077.332925,-36.39583294,55.88417309,3.244903959,1.38074509,-0.2693479681,18.31841602,-26.27044126
85,0.7795466706,-1.840252508,675.2748214,153.1483666,-1727.135609,-633.4873662,4073.837323,-40.04156792,55.77469419,3.243377128,1.368884635,-0.2673073759,18.27117268,-26.18116466
86,0.7799126597,-1.838029099,675.7327859,151.234343,-1725.038018,-632.6267067,4070.18757,-43.75158076,55.6599499,3.24106661,1.356379924,-0.2661787641,18.22850165,-26.08575537
87,0.780140732,-1.83513648,676.0493488,149.1633785,-1722.318306,-631.415747,4064.711715,-47.78347126,55.55727046,3.238961332,1.349330979,-0.2616629366,18.17444551,-25.99711045
88,0.7801788619,-1.831962126,676.1938276,147.0455002,-1719.333263,-630.1285501,4058.229818,-51.97555623,55.44854939,3.236099186,1.341159137,-0.2591194769,18.12655021,-25.90264849
89,0.7803204419,-1.828917053,676.4241691,144.9030596,-1716.474297,-628.8240736,4051.630821,-56.62411174,55.35097992,3.232503099,1.337825336,-0.2535585261,18.06863763,-25.81615988
90,0.7802760689,-1.826769017,676.4873099,142.7837198,-1714.454229,-627.9745492,4046.615084,-61.51330616,55.24622667,3.227334467,1.332160715,-0.2504323838,18.01955413,-25.72589661
91,0.7799465461,-1.825240612,676.273119,140.7823808,-1713.018473,-627.3553413,4042.28685,-66.46798968,55.15139503,3.222048534,1.329724124,-0.2454886701,17.96445643,-25.64316461
92,0.7790784827,-1.823976678,675.5615694,139.162842,-1711.827535,-627.0023983,4037.472087,-70.9219968,55.04888525,3.216738787,1.324088496,-0.2440071496,17.9205598,-25.55363372
93,0.7779307986,-1.8224573,674.5776377,138.0099547,-1710.400526,-626.6109875,4031.26524,-74.94332414,54.95653253,3.212088298,1.321934569,-0.2404806311,17.86968309,-25.47103198
94,0.7766011346,-1.82119392,673.4305043,137.2553478,-1709.210622,-626.5084618,4025.379499,-78.70797229,54.85672298,3.207134556,1.316812732,-0.2399167266,17.82974315,-25.38305159
95,0.775371608,-1.820313936,672.3674302,136.7069581,-1708.383033,-626.5344222,4020.587267,-82.6353305,54.76676174,3.203158345,1.314462523,-0.2379146669,17.78428645,-25.30131702
96,0.7740137567,-1.820067709,671.1921614,136.4811881,-1708.14574,-626.9154019,4017.369612,-86.20473567,54.66865393,3.19962774,1.308077522,-0.2396961929,17.75115006,-25.21277341
97,0.7726835165,-1.819933389,670.0331487,136.6172593,-1708.015837,-627.3627799,4014.354476,-89.53039451,54.58018324,3.197466801,1.304138105,-0.2401001175,17.71260095,-25.13085421
98,0.7711942683,-1.819878291,668.7325693,137.2010098,-1707.956782,-628.0580314,4011.184264,-92.24678115,54.48416365,3.196500059,1.296753555,-0.2439408715,17.68476089,-25.04179752
99,0.7698469091,-1.819890601,667.554214,138.0828345,-1707.964538,-628.7796109,4007.903056,-94.73505607,54.39898165,3.197474138,1.2929653,-0.2458399396,17.65008111,-24.95898907
100,0.7686320047,-1.820478217,666.5056921,139.049184,-1708.509143,-629.789964,4005.580023,-97.23157504,54.30818069,3.199972484,1.286511346,-0.2507390314,17.62521615,-24.86907247
101,0.7677625447,-1.821554153,665.768916,139.8844275,-1709.515612,-630.8844092,4004.061197,-100.132027,54.22958765,3.204958288,1.283981094,-0.2536280801,17.59349931,-24.78484142
102,0.7668887706,-1.823236529,665.0335614,140.7123767,-1711.088265,-632.3159009,4003.391072,-102.8345683,54.14552742,3.211869589,1.278921188,-0.2594617374,17.57059836,-24.69260815
103,0.7660153892,-1.8249516,664.2862482,141.5423924,-1712.696419,-633.771575,4002.563198,-105.2307496,54.07379403,3.221270145,1.278702285,-0.2626717959,17.53759151,-24.60579479
104,0.7649182552,-1.826611284,663.3340907,142.3214766,-1714.251573,-635.3268996,4001.45604,-107.1465255,53.99707242,3.233066529,1.27742432,-0.2679837774,17.50936309,-24.50985214
105,0.7638504987,-1.828136227,662.3958723,142.8649016,-1715.686022,-636.7648459,3999.827857,-108.9965929,53.93396158,3.248535423,1.281800833,-0.2703748385,17.46813333,-24.41761617
106,0.7626672985,-1.829965529,661.3529489,143.0947653,-1717.404304,-638.2975082,3998.35737,-110.7631717,53.86729404,3.267055576,1.284585062,-0.2753380621,17.43270659,-24.3159615
107,0.7617085311,-1.831841578,660.5066368,142.9572073,-1719.170906,-639.7688891,3996.586318,-112.6449582,53.81448555,3.288469207,1.291850156,-0.2779369233,17.38625933,-24.21929421
108,0.7607023541,-1.8339492,659.6212412,142.5754319,-1721.151781,-641.4099072,3995.049015,-114.3058701,53.75630044,3.311443651,1.296222996,-0.2834661969,17.34719424,-24.1145018
109,0.7596251834,-1.836080206,658.6572404,141.9625928,-1723.158092,-642.9709769,3993.470283,-115.7128583,53.71014354,3.336027074,1.30410201,-0.2868250143,17.29817761,-24.01728725
110,0.7583584558,-1.838462473,657.5216389,141.2556957,-1725.396986,-644.6621591,3992.285758,-116.5701837,53.65782305,3.361420988,1.308934421,-0.2928287311,17.25568126,-23.91468137
111,0.7572671629,-1.84096172,656.5382382,140.3809065,-1727.74916,-646.218596,3991.334283,-117.3858932,53.61782232,3.387428685,1.317344755,-0.2960628186,17.20331624,-23.82216433
112,0.7563108555,-1.843745742,655.6874202,139.3561466,-1730.365186,-647.8442431,3991.214371,-118.2129835,53.57182672,3.413027644,1.322548922,-0.3016957213,17.15747922,-23.72624795
113,0.7556425243,-1.846598599,655.0955085,138.1536156,-1733.04875,-649.391713,3991.609929,-119.223707,53.53698546,3.43859885,1.330737736,-0.3049997378,17.10218783,-23.64082288
114,0.7549689428,-1.849551608,654.5060564,136.8290794,-1735.822478,-651.0189414,3992.624122,-120.0239635,53.49476082,3.463126882,1.335168625,-0.3107350583,17.05468814,-23.55153901
115,0.7545162553,-1.852377362,654.1130871,135.4834124,-1738.47949,-652.5602119,3993.89297,-120.6060386,53.46320533,3.486658269,1.34222277,-0.3137888267,17.00075259,-23.47274041
116,0.7541670221,-1.85541844,653.8244153,134.2361983,-1741.334668,-654.2874136,3995.865045,-120.7691099,53.42437044,3.508437845,1.345513733,-0.3192498569,16.95776259,-23.39106849
117,0.7540818166,-1.858633319,653.772525,132.9991912,-1744.355489,-656.0494775,3998.15096,-120.8669526,53.39635596,3.528554911,1.351460262,-0.321733777,16.90921531,-23.32106423
118,0.7540575551,-1.862087092,653.785656,131.7648517,-1747.596402,-658.0115934,4000.874574,-120.8712597,53.36047278,3.54652097,1.353466338,-0.3262948458,16.87201715,-23.2487232
119,0.7543419416,-1.865586024,654.0784598,130.5205104,-1750.882317,-659.9943363,4003.826243,-121.0880952,53.33436333,3.562848914,1.358124457,-0.3281307178,16.83101577,-23.18733669
120,0.7547069079,-1.869301247,654.454973,129.4293852,-1754.366583,-662.2254683,4007.508849,-121.3175614,53.30011112,3.577093628,1.358298959,-0.3325615879,16.80354396,-23.12380719
121,0.7552969753,-1.872889444,655.0330868,128.5230131,-1757.733702,-664.4467611,4011.381013,-121.5739597,53.27535542,3.589844855,1.360450506,-0.3346755555,16.77299128,-23.07108956
122,0.75588759,-1.876462555,655.6199847,127.8286377,-1761.082933,-666.8132503,4015.627603,-121.6816319,53.24232897,3.600899255,1.358860684,-0.3392044538,16.75420768,-23.01544347
123,0.7566388952,-1.879844604,656.3480856,127.1970606,-1764.255881,-669.0944254,4019.668585,-121.9170427,53.21879304,3.611012153,1.360163612,-0.3411358545,16.72956754,-22.97015423
124,0.7572530187,-1.883184937,656.9558316,126.6616617,-1767.385893,-671.452222,4023.633069,-121.9775844,53.18696477,3.619750207,1.357651737,-0.3456901264,16.71644424,-22.92132866
125,0.7578450584,-1.886203613,657.5336255,126.2330953,-1770.217118,-673.6582215,4027.071704,-121.8579598,53.16437847,3.627634009,1.357998353,-0.3478698162,16.69740099,-22.88219403
126,0.7582188701,-1.889220586,657.9157046,126.0499347,-1773.042687,-675.9723325,4030.887506,-121.2989083,53.13285552,3.634700457,1.354286454,-0.3530792543,16.68844666,-22.83736861
127,0.7586061672,-1.892156774,658.3014027,126.0724384,-1775.795095,-678.2195076,4035.043907,-120.6652112,53.11035998,3.641459324,1.353172016,-0.3562752207,16.67173584,-22.80023182
128,0.7588620201,-1.895069683,658.5725672,126.2964978,-1778.521937,-680.5124998,4039.507913,-119.8726704,53.07913128,3.647994372,1.348322973,-0.3627330849,16.66454729,-22.75642032
129,0.7590975909,-1.897496008,658.8149325,126.5830235,-1780.795594,-682.5298366,4043.129963,-119.0597705,53.0576814,3.655338527,1.34660182,-0.3673933288,16.64971381,-22.71936985
130,0.7590786364,-1.899482135,658.8269012,126.8834872,-1782.652716,-684.4222556,4045.857845,-118.0510342,53.02793751,3.663102157,1.341156757,-0.3754172329,16.64483938,-22.6750146
131,0.7589898195,-1.900672821,658.7635814,127.1309792,-1783.76669,-685.94988,4047.093875,-117.0049971,53.00796584,3.671734747,1.338521139,-0.3818256081,16.6321785,-22.63738176
132,0.7587181164,-1.901245595,658.5372478,127.3477902,-1784.297252,-687.2967842,4047.252624,-115.970344,52.97949961,3.680694798,1.331941955,-0.3917382768,16.62974412,-22.59233715
133,0.7584581349,-1.90133729,658.311746,127.5704249,-1784.37963,-688.3364977,4046.451111,-115.2517204,52.96119383,3.690499634,1.328328909,-0.3999258679,16.61918426,-22.55451725
134,0.7581314253,-1.901374026,658.0314773,127.9226956,-1784.406955,-689.3516124,4045.475594,-114.6636486,52.93507819,3.700548151,1.321203516,-0.4114550737,16.61754824,-22.51004111
135,0.757922765,-1.901204672,657.8511555,128.4056847,-1784.243601,-690.1677327,4043.794099,-114.274512,52.91972086,3.711137213,1.316667684,-0.4214007996,16.60741413,-22.47409776
136,0.757572708,-1.901066025,657.5465425,129.0168214,-1784.10466,-691.0315642,4041.857234,-113.8292289,52.89605462,3.721633856,1.307747854,-0.434953484,16.60803398,-22.43148793
137,0.7571898641,-1.900735451,657.2004929,129.6188485,-1783.788553,-691.7397674,4039.089357,-113.598732,52.88307776,3.732454233,1.30165005,-0.4466914053,16.60005224,-22.39737205
138,0.7566685011,-1.900465626,656.73301,130.1626717,-1783.525342,-692.4862251,4036.224913,-113.5818679,52.86163273,3.742871435,1.291478482,-0.4617382996,16.60317744,-22.35766143
139,0.7562807267,-1.9000395,656.3799539,130.5825973,-1783.118632,-693.0206738,4032.902414,-114.0995904,52.85103864,3.753241744,1.284383094,-0.4742808167,16.59894272,-22.32754978
140,0.7558621627,-1.89953355,656.0069585,130.9187734,-1782.633287,-693.5075476,4029.398753,-114.9564153,52.83150977,3.763354206,1.273513127,-0.4895713646,16.6060308,-22.29063347
141,0.7555691724,-1.898706001,655.741073,131.1468933,-1781.849669,-693.7415531,4025.292096,-116.199126,52.82263243,3.773091581,1.265960115,-0.5019840679,16.60532829,-22.26390266
142,0.7552373465,-1.897778287,655.4480653,131.2890646,-1780.968444,-693.9714588,4021.070075,-117.5018897,52.80445776,3.781433829,1.254733289,-0.5166917006,16.61620448,-22.23325734
143,0.7549924303,-1.896571012,655.2262161,131.2264901,-1779.828814,-693.9636008,4016.395508,-119.0248293,52.79662751,3.788794391,1.247272082,-0.5280406438,16.61884615,-22.21375533
144,0.7546116243,-1.895326186,654.8866622,130.940894,-1778.651016,-693.9094485,4011.993507,-120.7073657,52.77906612,3.794752791,1.236856713,-0.5412226022,16.63221806,-22.19007812
145,0.7543032163,-1.893722168,654.6050225,130.4115046,-1777.140713,-693.5596765,4007.21553,-122.8802501,52.77148446,3.799733439,1.230783195,-0.5505075306,16.63627739,-22.17794483
146,0.7538644577,-1.891741705,654.2114974,129.7245948,-1775.274617,-693.0620869,4002.097335,-125.2692125,52.75354702,3.803417911,1.221940066,-0.5615650431,16.64985799,-22.16115284
147,0.7535723572,-1.889261253,653.9461106,128.8593657,-1772.944386,-692.2211171,3996.240932,-128.0023885,52.74500556,3.806366735,1.217847819,-0.5686847559,16.65197518,-22.1549559
148,0.7532582153,-1.886503634,653.6714235,127.8985966,-1770.351411,-691.2906799,3989.885038,-130.8291363,52.72509414,3.807987641,1.210935163,-0.5776474288,16.6627008,-22.14340224
149,0.7530990633,-1.883432832,653.5328779,126.8638817,-1767.469345,-690.1234304,3982.577405,-133.9803219,52.71438884,3.808814928,1.20863045,-0.5826604399,16.66124745,-22.14233577
150,0.7528542281,-1.880448829,653.3258047,125.8363779,-1764.665773,-689.0010024,3975.158927,-137.2409942,52.69185861,3.808443378,1.203421025,-0.5895388742,16.66815216,-22.13555645
151,0.7526743601,-1.877289612,653.1704053,124.7860049,-1761.702649,-687.6560347,3967.182524,-140.7061534,52.67857986,3.807094742,1.202972451,-0.5922759536,16.66179164,-22.13954065
152,0.7523498171,-1.874260169,652.8912659,123.7778958,-1758.858254,-686.3820461,3959.504344,-143.9631801,52.65336669,3.804358234,1.199552826,-0.5968512661,16.6638908,-22.13757875
153,0.7521034367,-1.871246115,652.6761612,122.8387978,-1756.032712,-685.0226683,3951.63674,-147.1376343,52.63741885,3.80042816,1.200554949,-0.5973957798,16.65339753,-22.14684188
154,0.7517296569,-1.868379581,652.3536862,122.0230357,-1753.341674,-683.7699746,3943.813506,-150.0716341,52.60936763,3.794939891,1.197718239,-0.6001634847,16.65271126,-22.15060241
155,0.7514517335,-1.86515987,652.1113038,121.1865889,-1750.323061,-682.2298466,3935.1488,-153.1036936,52.59111675,3.788154816,1.198510613,-0.5992201475,16.6410994,-22.16518842
156,0.7510180403,-1.861588205,651.7346026,120.2734749,-1746.970555,-680.5461206,3926.030319,-156.0937711,52.56110571,3.77991157,1.195469557,-0.6003491507,16.63917334,-22.17356384
157,0.750629061,-1.857374378,651.3902461,119.2436735,-1743.019473,-678.4985088,3915.868058,-159.1624113,52.54068216,3.770584015,1.196064066,-0.597880399,16.62684432,-22.19244061
158,0.7500993187,-1.853002831,650.9255775,118.2186194,-1738.91602,-676.4731197,3905.663318,-161.931541,52.50856472,3.760393747,1.192194482,-0.5981900737,16.62677665,-22.20437826
159,0.7496535644,-1.848582654,650.5294211,117.2018492,-1734.770342,-674.3565861,3895.318356,-164.5246763,52.48669812,3.749656258,1.191706559,-0.5952661494,16.61723824,-22.22616586
160,0.7491027823,-1.844395655,650.0458612,116.1931334,-1730.839002,-672.418218,3885.428554,-166.6538087,52.45374121,3.738382965,1.186883261,-0.5952587941,16.6202504,-22.24047538
161,0.7486722145,-1.840156813,649.6644055,115.0764037,-1726.862365,-670.3908376,3875.439232,-168.6461192,52.43141555,3.726815951,1.185381533,-0.5922314097,16.6151046,-22.264599
162,0.7481775253,-1.836024113,649.2339167,113.8933252,-1722.980069,-668.5298357,3865.962642,-170.3427997,52.39799076,3.715270296,1.178682109,-0.5927892793,16.6252155,-22.28056441
163,0.7478052418,-1.831876455,648.9076165,112.6534571,-1719.086309,-666.6449035,3856.740098,-171.8899392,52.37516793,3.704154656,1.174546745,-0.591157866,16.62914732,-22.30454086
164,0.7473211016,-1.8282503,648.4870983,111.5004692,-1715.676481,-665.0359864,3848.717932,-172.9983454,52.34166528,3.693496458,1.165282505,-0.5935768931,16.64777388,-22.31874481
165,0.7469091873,-1.825064826,648.1235059,110.4034592,-1712.682896,-663.4669283,3841.362214,-173.9373879,52.31896943,3.683635098,1.158997301,-0.5939981911,16.65920877,-22.33918344
166,0.746398949,-1.822393085,647.6781926,109.4037792,-1710.16601,-662.1720341,3834.840636,-174.5321196,52.2857873,3.674174777,1.147637767,-0.5986800082,16.68547623,-22.34954721
167,0.7460927241,-1.819981543,647.4135114,108.4192769,-1707.89559,-660.949022,3828.851293,-175.0180483,52.2632945,3.665322586,1.138733164,-0.6016630251,16.70559453,-22.36609619
168,0.7457774524,-1.817863663,647.1505967,107.5315174,-1705.895216,-660.0201251,3823.860007,-175.0664454,52.23055112,3.656535981,1.124480813,-0.6086387846,16.7409843,-22.37346299
169,0.7455838636,-1.815817854,646.9905323,106.7050718,-1703.965056,-659.1387042,3819.323887,-174.9763087,52.20907023,3.648291082,1.112856153,-0.6135508499,16.76968634,-22.3876212
170,0.7452488833,-1.813985299,646.7076302,105.9317998,-1702.230011,-658.4736672,3815.291219,-174.7028386,52.17783191,3.640370479,1.096359693,-0.6220788713,16.81257068,-22.39244987
171,0.7450436556,-1.812290907,646.5355825,105.1146882,-1700.627636,-657.7986108,3811.471821,-174.6561099,52.15741954,3.633129168,1.082965665,-0.6282381793,16.8480319,-22.4027037
172,0.7447296272,-1.810797774,646.2712423,104.3143427,-1699.209464,-657.3038609,3807.961442,-174.4767707,52.12726763,3.626717259,1.065035244,-0.6381568408,16.89721922,-22.40190841
173,0.7445073893,-1.809332654,646.0824091,103.4635083,-1697.821,-656.7412611,3804.355746,-174.2709453,52.10768888,3.621638023,1.050543759,-0.6458956056,16.93856859,-22.40534989
174,0.7441427326,-1.808169085,645.7698778,102.6242106,-1696.711368,-656.3349444,3801.312926,-173.7137983,52.07824943,3.617691768,1.032092589,-0.6571821905,16.99232879,-22.39700586
175,0.7438311819,-1.807245311,645.4964495,101.7642398,-1695.830608,-655.8875748,3798.678068,-173.1047294,52.0595093,3.614938807,1.017636142,-0.665940187,17.03678952,-22.39319308
176,0.7433732819,-1.806609258,645.095725,100.8658478,-1695.216161,-655.5655326,3796.514677,-172.291652,52.03082064,3.613328834,0.999672661,-0.6778900271,17.09125001,-22.37780374
177,0.743048817,-1.805818004,644.8096917,99.81190311,-1694.459981,-655.036936,3793.787144,-171.6656213,52.01257463,3.613136048,0.9855207151,-0.6873077274,17.1355107,-22.36704114
178,0.7426731494,-1.804903388,644.4858574,98.64019706,-1693.584222,-654.5008564,3790.774024,-170.8886215,51.98411238,3.613980153,0.967477502,-0.6999732986,17.1903315,-22.34506592
179,0.7424388544,-1.80371267,644.28403,97.36660704,-1692.453343,-653.7396153,3787.065407,-170.0213388,51.96622077,3.616139318,0.9532405348,-0.7100574889,17.23480104,-22.32750283
180,0.7421022914,-1.802494802,643.9964027,96.1292432,-1691.293259,-653.0089961,3783.161475,-168.6336712,51.93822324,3.619458433,0.9352585828,-0.7234396618,17.28971522,-22.29776522
181,0.7419374694,-1.800986228,643.8588144,94.87204744,-1689.864549,-652.0309891,3778.421559,-167.0875104,51.92124349,3.624512729,0.9212708995,-0.7343463456,17.33374943,-22.27147299
182,0.7417562721,-1.799284478,643.7157213,93.62088859,-1688.251408,-650.9984264,3773.194814,-165.2077996,51.89441199,3.630966912,0.9040104135,-0.748294807,17.38657691,-22.23235628
183,0.741791719,-1.797180598,643.7642703,92.35916856,-1686.265316,-649.6903556,3767.065397,-163.3077178,51.87910455,3.638981908,0.8909111829,-0.7594316796,17.42741688,-22.19699624
184,0.7417766634,-1.794766729,643.7759172,91.15998022,-1683.985344,-648.3577677,3760.092399,-161.1801992,51.85333874,3.648061701,0.8746368816,-0.7733579517,17.47669218,-22.14880453
185,0.7418846791,-1.791991481,643.8915534,89.96406081,-1681.371143,-646.7761473,3752.0568,-159.1372827,51.83899841,3.658378462,0.8630307121,-0.7839932563,17.51250001,-22.10560778
186,0.7418608043,-1.789035321,643.8939841,88.84621164,-1678.584189,-645.1914774,3743.485969,-156.8179989,51.81417814,3.668977768,0.84832806,-0.7969456752,17.55708532,-22.05168957
187,0.7419132569,-1.785645688,643.9572246,87.80440296,-1675.395844,-643.3550329,3733.766473,-154.3899965,51.8001271,3.680566581,0.8387399891,-0.8061483831,17.58770239,-22.00226782
188,0.7418329333,-1.78203573,643.9062744,86.85156768,-1671.996825,-641.5247644,3723.408267,-151.723018,51.77575083,3.691887701,0.8250959365,-0.8181244036,17.6305717,-21.94376774
189,0.7419016545,-1.778192928,643.9843209,85.91879015,-1668.383476,-639.5016667,3712.342558,-149.2343417,51.76215023,3.703865717,0.8154802251,-0.8268072234,17.66221436,-21.89170356
190,0.7418277461,-1.77447214,643.9393995,85.05745573,-1664.880676,-637.5838352,3701.329555,-146.6397724,51.73776117,3.715877382,0.8019909816,-0.838124204,17.70484763,-21.83075687
191,0.7418784301,-1.770801273,644.0006958,84.14114816,-1661.428471,-635.5553762,3690.182822,-144.3594485,51.72399571,3.7284996,0.7922808666,-0.846329204,17.73713593,-21.7769977
192,0.741772213,-1.767306537,643.9261989,83.23425001,-1658.137804,-633.666281,3679.298713,-142.1043355,51.69888351,3.741305681,0.7789357468,-0.8570079576,17.77954075,-21.71486055
193,0.7417421028,-1.763828372,643.9131694,82.35375653,-1654.866875,-631.7130339,3668.20391,-140.0958403,51.683676,3.754840861,0.769788447,-0.8644157116,17.81037188,-21.66038363
194,0.7415504233,-1.760739012,643.7595295,81.59359324,-1651.957585,-630.0196259,3657.59014,-137.9907003,51.65756117,3.768330294,0.7576625164,-0.8739531973,17.84969541,-21.59855356
195,0.7415176678,-1.758000954,643.744946,80.83627468,-1649.382003,-628.4147916,3647.482126,-136.1770885,51.641427,3.781990202,0.7497991856,-0.8799938722,17.87769915,-21.54514574
196,0.7414996202,-1.755863668,643.7547253,80.09156044,-1647.367046,-627.1664203,3638.712789,-134.4900531,51.61472287,3.795282993,0.7391637276,-0.8878589811,17.91370287,-21.48531501
197,0.7415667376,-1.754157353,643.8348324,79.32479776,-1645.760972,-626.0352336,3630.841234,-133.1847585,51.59755771,3.808591441,0.7332509015,-0.891964774,17.93756835,-21.43452829
198,0.7413595906,-1.753084571,643.668183,78.62096121,-1644.746788,-625.2385138,3624.175841,-131.9964615,51.56994713,3.821540241,0.7251086808,-0.8976726314,17.96780509,-21.37801759
199,0.7411580653,-1.752478379,643.4969157,78.05237979,-1644.175058,-624.5654427,3618.073461,-131.1277479,51.55222639,3.834234757,0.7218580093,-0.8996303307,17.98516575,-21.33145472
200,0.7409879739,-1.752321065,643.364878,77.57640257,-1644.021796,-624.1930143,3612.678895,-130.4849024,51.5247544,3.845827995,0.7161239821,-0.9031780997,18.00895086,-21.28061228
201,0.7410296055,-1.752243703,643.4209093,77.13120972,-1643.947948,-623.8431675,3607.177425,-130.1765017,51.50776465,3.856424364,0.7148246132,-0.9030481372,18.0197839,-21.24123173
202,0.7409729324,-1.752446341,643.3945742,76.75275917,-1644.133996,-623.7118499,3601.996943,-129.8821531,51.48095246,3.865539312,0.7108417031,-0.9046252137,18.0373185,-21.1979305
203,0.7410036944,-1.752943074,643.4401343,76.4133381,-1644.599516,-623.5932394,3597.089286,-129.8031316,51.4642406,3.873630426,0.7105309749,-0.9029045829,18.04332802,-21.16626692
204,0.7408612308,-1.754035583,643.3333454,76.20390016,-1645.620113,-623.7707896,3593.248528,-129.6605625,51.43742888,3.880421707,0.7065865875,-0.9035412351,18.05757866,-21.13060162
205,0.7407855043,-1.75523054,643.2789077,76.06613092,-1646.740345,-623.9599184,3589.490157,-129.7052281,51.42085114,3.886101545,0.7062025484,-0.9010545772,18.06032624,-21.10667259
206,0.7405601546,-1.756378077,643.0947392,75.94548043,-1647.812357,-624.2816877,3585.682092,-129.6680095,51.39368938,3.890688864,0.7020672498,-0.9012549194,18.07182023,-21.07812282
207,0.7404359402,-1.757192387,642.9957257,75.78926066,-1648.575354,-624.4438189,3581.224996,-129.7142139,51.37621612,3.894185725,0.7014149963,-0.8985143425,18.07165238,-21.06105391
208,0.7401461511,-1.757975261,642.7524549,75.64178714,-1649.304982,-624.702414,3576.869025,-129.5880717,51.34772619,3.896196808,0.6968726659,-0.8984504281,18.07989738,-21.03966073
209,0.7398716505,-1.758631607,642.5138548,75.53892158,-1649.919261,-624.8718016,3572.381712,-129.3791484,51.32890283,3.897033792,0.6956384586,-0.8954963923,18.07583676,-21.0297577
210,0.7394094954,-1.759353331,642.1104126,75.513376,-1650.59042,-625.1864111,3568.440152,-128.8926027,51.29894167,3.896586701,0.6899733841,-0.8955238897,18.08058945,-21.01490543
211,0.7390036344,-1.759830025,641.7502536,75.49650224,-1651.034798,-625.3512368,3564.338849,-128.3245544,51.27848906,3.895092133,0.6873138566,-0.8927634997,18.07283867,-21.01083042
212,0.7383717308,-1.760183784,641.1897206,75.50486823,-1651.359514,-625.537483,3560.246161,-127.432768,51.24643048,3.892368019,0.6802787719,-0.8929615006,18.07363507,-21.00109135
213,0.737752381,-1.760062531,640.6317989,75.51956937,-1651.242189,-625.4516035,3555.287396,-126.4179567,51.22353332,3.888765577,0.6766626418,-0.8902554066,18.06168833,-21.00178573
214,0.7369001735,-1.759651812,639.8670917,75.60702991,-1650.849847,-625.3467451,3549.964301,-124.984722,51.18905059,3.884213587,0.6694889219,-0.890135253,18.05799109,-20.99620374
215,0.7359948482,-1.758679001,639.0432537,75.75931856,-1649.934509,-624.9918257,3543.531804,-123.3409689,51.16388534,3.879165844,0.6664400828,-0.8867232881,18.04128146,-21.0005001
216,0.7348389105,-1.757394836,637.9959898,76.0754948,-1648.723873,-624.6788327,3536.716878,-121.1672035,51.12712465,3.873605368,0.6600792214,-0.885728618,18.03295276,-20.99732401
217,0.7337639622,-1.755652716,637.015445,76.54658678,-1647.088069,-624.1789332,3529.115481,-118.7663322,51.09959585,3.86862548,0.6580140176,-0.8815178025,18.0120131,-21.00154089
218,0.7325101437,-1.753651535,635.8786218,77.25640735,-1645.206159,-623.7154045,3521.094798,-115.7881058,51.06060309,3.864298816,0.6527879113,-0.8801170487,17.999481,-20.9962973
219,0.7312791286,-1.751210827,634.75385,78.12097165,-1642.916555,-623.0344757,3512.077336,-112.5407161,51.03094379,3.860731127,0.6520506508,-0.875677588,17.97416994,-20.99802052
220,0.7297881675,-1.748543528,633.3962009,79.19111449,-1640.411227,-622.416562,3502.494499,-108.719475,50.99038743,3.858183312,0.6480829334,-0.8741846996,17.95817778,-20.98903185
221,0.7283996007,-1.745557748,632.1259429,80.38711494,-1637.611338,-621.6764935,3492.249853,-104.6900178,50.95846406,3.857144843,0.6482233097,-0.8700550121,17.93093385,-20.98480296
222,0.7269619293,-1.742607315,630.8202802,81.74165342,-1634.841544,-621.1345872,3482.36985,-100.2447913,50.91589576,3.857480846,0.6453096386,-0.8688326573,17.91267508,-20.96897228
223,0.7256955065,-1.739611114,629.6666572,83.15151056,-1632.033068,-620.5458898,3472.568413,-95.75447138,50.88188269,3.859014112,0.6466350154,-0.8647533666,17.88249417,-20.95767544
224,0.7243586103,-1.736707576,628.4572907,84.57906495,-1629.30859,-620.115331,3463.235872,-91.05715733,50.83752398,3.861689287,0.6450609664,-0.863351622,17.86041216,-20.93514127
225,0.7232533818,-1.733702339,627.4569357,85.95042602,-1626.492843,-619.6049388,3453.82704,-86.49275206,50.80140903,3.865649697,0.6475885023,-0.8592794193,17.82572598,-20.9167123
226,0.7221482434,-1.731059067,626.4675499,87.36647334,-1624.013786,-619.3713199,3445.342747,-81.74420209,50.7544093,3.870580487,0.6473601931,-0.8578215513,17.79734126,-20.88668792
227,0.7212395034,-1.728781912,625.6548499,88.76166003,-1621.882531,-619.2008546,3437.698295,-77.10408475,50.71490378,3.876760538,0.6515934281,-0.8534427827,17.75536348,-20.86062565
228,0.7202494879,-1.727104581,624.7769153,90.18734444,-1620.310984,-619.3308555,3431.649864,-72.26202226,50.66441371,3.883359295,0.6530275445,-0.8513026135,17.72017113,-20.82423389
229,0.719431647,-1.725744934,624.0520691,91.63601097,-1619.041955,-619.5110722,3426.517289,-67.4779464,50.62229855,3.890196207,0.6590592258,-0.8457861881,17.67146533,-20.79410199
230,0.7186136528,-1.724871541,623.3372633,93.16963327,-1618.22659,-619.9958917,3422.712453,-62.52518781,50.56999912,3.896655085,0.6627519084,-0.841957205,17.62819911,-20.75640907
231,0.7180384074,-1.724172374,622.8409894,94.71496485,-1617.579575,-620.4823923,3419.39126,-57.72617121,50.52681483,3.903025109,0.6714069182,-0.8343399727,17.56965548,-20.72713162
232,0.7174223866,-1.723884455,622.3160338,96.35223269,-1617.316073,-621.2316978,3417.120696,-52.80525946,50.47407353,3.908796492,0.6779117382,-0.82812244,17.51522883,-20.6913608
233,0.7169774808,-1.723836732,621.942084,98.01044189,-1617.282847,-621.9867361,3415.487377,-48.07112332,50.43079598,3.914387735,0.6894403071,-0.8179056765,17.44533484,-20.66582693
234,0.716475307,-1.72417783,621.5237886,99.77104573,-1617.611934,-622.9795515,3415.016325,-43.21853894,50.37815886,3.919065234,0.698649678,-0.8089575585,17.38037868,-20.63529048
235,0.7161659324,-1.724677963,621.2767031,101.6296401,-1618.095226,-623.9590084,3415.166539,-38.53457678,50.33511658,3.922771908,0.712923114,-0.7957815581,17.30044233,-20.61601614
236,0.7158302608,-1.725421317,621.0144851,103.5921365,-1618.804477,-625.1220177,3416.302004,-33.79885549,50.28254578,3.925534235,0.7250654925,-0.783967705,17.22616226,-20.59183042
237,0.7156741961,-1.72601137,620.9109675,105.5019307,-1619.374859,-626.1260242,3417.523414,-29.40280784,50.23970781,3.927837953,0.7421029746,-0.7683330697,17.13829341,-20.57814025
238,0.7154349779,-1.726574428,620.7387948,107.3563886,-1619.916767,-627.1690044,3419.251568,-25.07967737,50.18754449,3.929811334,0.7559818711,-0.754962933,17.05885353,-20.55843349
239,0.7153569243,-1.726972447,620.7077317,109.0960937,-1620.307746,-628.0121228,3421.052651,-21.15198932,50.14540985,3.931984945,0.7737034109,-0.7387243995,16.96788421,-20.5479248
240,0.7152201076,-1.727501011,620.6310614,110.8264401,-1620.816832,-628.9620982,3423.672307,-17.31923458,50.09377507,3.934570051,0.7871086258,-0.7259290793,16.88878318,-20.52914702
241,0.715263599,-1.727830937,620.7134158,112.5032122,-1621.142981,-629.7201684,3426.149416,-13.79215358,50.05220638,3.937812424,0.8038568406,-0.710772323,16.80052059,-20.51806543
242,0.7152369034,-1.72809269,620.738931,114.1462238,-1621.400749,-630.5230131,3428.761123,-10.22307477,50.00165642,3.942136504,0.8161560646,-0.6995463449,16.72594881,-20.49791271
243,0.7153748742,-1.728096041,620.9087688,115.6525804,-1621.418949,-631.1154055,3430.953696,-6.950646235,49.96120596,3.947414513,0.8312134124,-0.6866014789,16.64430379,-20.48518944
244,0.7154228153,-1.728087833,621.0033787,117.0369997,-1621.421409,-631.7644929,3433.274366,-3.726893227,49.91155468,3.953405491,0.841371211,-0.677834349,16.57733076,-20.46317642
245,0.7155834017,-1.727851447,621.1939308,118.2634872,-1621.212425,-632.2351985,3434.99045,-0.7719756371,49.8715986,3.960270409,0.8540665344,-0.6675324568,16.50466424,-20.44796291
246,0.715665884,-1.727688503,621.3200812,119.4680862,-1621.067463,-632.8245274,3436.76293,2.323210383,49.82279901,3.967851756,0.8619118694,-0.6612787397,16.44713241,-20.42373122
247,0.7159119909,-1.727452945,621.5899305,120.6472426,-1620.856908,-633.3367639,3438.0637,5.370013986,49.78374594,3.976281443,0.87225992,-0.6535055395,16.38423722,-20.40568317
248,0.716141976,-1.727375983,621.8532713,121.803741,-1620.790795,-634.0027016,3439.485623,8.546083767,49.73608236,3.985572237,0.8783217534,-0.649547692,16.33498933,-20.37818917
249,0.7164816844,-1.727129633,622.2099045,122.7935389,-1620.568749,-634.525215,3440.117176,11.41158388,49.69802358,3.995663854,0.8872993125,-0.6437971237,16.27922119,-20.35661513
250,0.7166603043,-1.726889268,622.4237841,123.6692969,-1620.348463,-635.1145774,3440.372374,14.19827602,49.65165166,4.006321959,0.8924252327,-0.6415263407,16.23582749,-20.3258401
251,0.7168822068,-1.726477008,622.6686352,124.3860489,-1619.970209,-635.5470349,3439.702655,16.69913362,49.61489801,4.017716403,0.9007834872,-0.6373315235,16.18481559,-20.30049466
252,0.7170154695,-1.726172815,622.8378892,125.0265377,-1619.68963,-636.0778645,3438.836934,19.19890612,49.57061617,4.029500913,0.9054732543,-0.636352802,16.14453761,-20.26618778
253,0.7173239073,-1.725831122,623.1617901,125.595016,-1619.377638,-636.5119606,3437.483262,21.45465153,49.53596447,4.041551599,0.913916902,-0.6328757895,16.09468665,-20.23762337
254,0.7175774601,-1.725540277,623.4418785,126.1493655,-1619.110394,-637.0472204,3436.122845,23.65385883,49.49365489,4.053617675,0.9194231889,-0.6319275196,16.05381019,-20.20068831
255,0.7179151138,-1.724920709,623.7915915,126.6124279,-1618.538894,-637.402418,3433.995119,25.57292151,49.46058942,4.065766148,0.9289468413,-0.6282430715,16.00271322,-20.16991845
256,0.7180846762,-1.724124316,623.9909939,126.9989257,-1617.799074,-637.7490352,3431.593138,27.47339539,49.4202006,4.07776942,0.9359748381,-0.6267302101,15.95949142,-20.13167704
257,0.7182222366,-1.723082446,624.1510433,127.3089509,-1616.833528,-637.9099376,3428.607919,29.23977043,49.38915379,4.089467376,0.9474824213,-0.6220196858,15.90548527,-20.10098387
258,0.7181780605,-1.722096972,624.1476536,127.56344,-1615.918501,-638.117103,3425.846259,31.01904238,49.35111561,4.100378447,0.9566207846,-0.6191108737,15.85913226,-20.0642408
259,0.7182098598,-1.720939209,624.2062404,127.6853555,-1614.845969,-638.1477253,3422.936907,32.49730472,49.32234988,4.11063438,0.9698238924,-0.6130376589,15.80262432,-20.03551789
260,0.718165375,-1.719775264,624.1999239,127.7438055,-1613.765039,-638.2048519,3420.504625,33.90030753,49.286949,4.119944192,0.9804285065,-0.6087751337,15.753798,-20.00187896
261,0.718202118,-1.71835809,624.2599363,127.7333839,-1612.450773,-638.0834745,3417.97036,35.09058175,49.26139379,4.128455428,0.9951715155,-0.6012950819,15.6950459,-19.97710872
262,0.7181009633,-1.7167474,624.1960307,127.65015,-1610.952716,-637.9346656,3415.367444,36.21388319,49.23043774,4.13593568,1.007599563,-0.5954287641,15.64435083,-19.94805655
263,0.7179956526,-1.714732836,624.1178502,127.4132524,-1609.080155,-637.5332274,3411.874524,36.99770289,49.2098591,4.142529856,1.024272471,-0.5862421629,15.58445401,-19.92774294
264,0.717748399,-1.712717711,623.9113324,127.0421035,-1607.205135,-637.1231735,3408.460273,37.5700323,49.18450541,4.148058026,1.039012653,-0.5783973103,15.53217934,-19.90357862
265,0.7175749769,-1.710668226,623.7638194,126.5399449,-1605.301946,-636.5841685,3404.96784,37.83293068,49.16938533,4.152657073,1.057805991,-0.5673805385,15.47129109,-19.88817696
266,0.7172935679,-1.708873427,623.5195141,125.9901786,-1603.635366,-636.1687519,3401.931475,38.05233088,49.14978855,4.156510444,1.074367002,-0.5580277744,15.41848521,-19.86908852
267,0.7170812734,-1.707010173,623.3301022,125.3614536,-1601.908261,-635.6523316,3398.495677,38.05511318,49.14011319,4.159832456,1.09459949,-0.5459587847,15.35784132,-19.85766033
268,0.7167228826,-1.705321022,623.007981,124.6764915,-1600.341954,-635.2454247,3395.153685,38.00998624,49.12613986,4.162499385,1.112358512,-0.5357170226,15.30551432,-19.8418559
269,0.7164051171,-1.703691943,622.7144843,123.8941557,-1598.83538,-634.7849809,3391.583974,37.73903579,49.12163988,4.164701524,1.133514488,-0.5228484052,15.24556275,-19.83305427
270,0.7159958015,-1.702326611,622.3401555,123.0402782,-1597.573238,-634.4592226,3388.526449,37.37188332,49.11211745,4.16642984,1.151764237,-0.5120442421,15.19461603,-19.81889422
271,0.7156763723,-1.700951271,622.0411025,122.1420086,-1596.304566,-634.059958,3385.53949,36.80077923,49.11161362,4.167913228,1.172870154,-0.4989442248,15.13725946,-19.81056807
272,0.7152695393,-1.699710187,621.6650953,121.2858582,-1595.157951,-633.772313,3383.019494,36.2988469,49.10609772,4.168819147,1.190128765,-0.4882185848,15.09090783,-19.79676899
273,0.714952125,-1.698381464,621.3647856,120.46908,-1593.93104,-633.3981948,3380.432993,35.76610162,49.10874,4.169678348,1.209278146,-0.4756629261,15.0401477,-19.78851872
274,0.714577812,-1.697264439,621.0172,119.7441608,-1592.898595,-633.1756151,3378.454247,35.41258383,49.10529942,4.17046975,1.224366295,-0.4658190835,15.00100086,-19.77359699
275,0.7143490836,-1.696195514,620.7992574,119.0309543,-1591.913094,-632.912604,3376.691025,34.98745198,49.10874324,4.171675047,1.241289586,-0.4545857633,14.9577212,-19.7627985
276,0.714090249,-1.695279379,620.560186,118.3727539,-1591.066872,-632.7802062,3375.289293,34.6375502,49.10508266,4.173366947,1.254209323,-0.4464409402,14.92554478,-19.74446348
277,0.7139695432,-1.694389124,620.4443034,117.7651986,-1590.246793,-632.6041637,3373.865779,34.23198399,49.10776887,4.175399887,1.269000318,-0.4370215486,14.88889221,-19.72985969
278,0.7138007715,-1.693881348,620.2912018,117.2384653,-1589.781029,-632.6170695,3373.225236,34.01556937,49.10259838,4.17761936,1.279422078,-0.4307906892,14.86343935,-19.70727737
279,0.7137459548,-1.693531375,620.2390789,116.8214838,-1589.464915,-632.6381068,3372.839076,33.96121863,49.1033148,4.180555169,1.291508348,-0.4235514255,14.83374473,-19.6883412
280,0.7136355193,-1.69350342,620.1428726,116.5521202,-1589.446554,-632.8603416,3373.176242,34.16648505,49.09595602,4.184258594,1.299363459,-0.4196781865,14.8149682,-19.6616989
281,0.7136319807,-1.693519331,620.1414042,116.3491552,-1589.47077,-633.0570315,3373.459363,34.35611655,49.094106,4.188889757,1.308658614,-0.4149786781,14.79217844,-19.63880267
282,0.7135482095,-1.693732202,620.0731692,116.2425422,-1589.67505,-633.3996162,3373.982438,34.72877048,49.08378134,4.194421117,1.313310164,-0.4140020852,14.78107965,-19.6076339
283,0.713550406,-1.694018238,620.0796137,116.2036676,-1589.949054,-633.7076073,3374.57608,35.09434519,49.07939667,4.20058339,1.319073596,-0.4122957753,14.76577235,-19.58073073
284,0.7134628386,-1.694491136,620.0106094,116.2818343,-1590.3935,-634.1592339,3375.743057,35.57107928,49.06628136,4.207082913,1.32004097,-0.4141310139,14.76223204,-19.54712786
285,0.7134564015,-1.694742174,620.0118123,116.4545412,-1590.631099,-634.4954056,3376.621417,35.9959545,49.0590418,4.213903322,1.322220035,-0.4150059214,14.75477821,-19.51906665
286,0.7133476765,-1.694838428,619.9257147,116.7423157,-1590.718614,-634.8845159,3377.289346,36.54193552,49.04317841,4.220813134,1.319468793,-0.4194792941,14.76013341,-19.48426864
287,0.7133124412,-1.694656782,619.9024784,117.0494197,-1590.547086,-635.1274216,3377.218309,36.99122779,49.03337145,4.227918473,1.318286448,-0.4227993123,14.7608278,-19.45571194
288,0.713157462,-1.694567934,619.775778,117.4057758,-1590.457897,-635.474898,3377.329995,37.57690038,49.01473419,4.234880348,1.312417905,-0.4295170545,14.77380575,-19.42185728
289,0.7130860277,-1.694393859,619.7213053,117.797781,-1590.290547,-635.7319302,3377.367804,38.14419956,49.00221669,4.241604753,1.308313097,-0.4347864571,14.78181786,-19.3951671
290,0.7129334776,-1.694298954,619.5997403,118.26998,-1590.192619,-636.0983965,3377.830027,38.83417713,48.9807221,4.248018732,1.299386974,-0.4434710268,14.80209493,-19.36347998
291,0.7128976489,-1.693935731,619.5814085,118.8151553,-1589.844848,-636.3151594,3377.666837,39.49674214,48.96545402,4.254107314,1.292241571,-0.4505230346,14.81671829,-19.33940147
292,0.7127511811,-1.693530364,619.4683212,119.4678708,-1589.453142,-636.6075628,3377.18274,40.35647298,48.94118562,4.259514211,1.280684054,-0.4605628724,14.8429576,-19.31077262
293,0.7126944039,-1.693057768,619.4329564,120.1116947,-1589.000775,-636.802979,3376.291444,41.13486656,48.92330549,4.264172079,1.27151144,-0.4684339843,14.86236106,-19.29059603
294,0.7125490939,-1.692847786,619.323613,120.7381158,-1588.790591,-637.1436524,3375.899496,41.97245508,48.8963789,4.267874935,1.258245868,-0.4790196263,14.89261274,-19.26606093
295,0.7125213433,-1.692683638,619.3175645,121.3597947,-1588.626052,-637.4314972,3375.506113,42.73449496,48.87640321,4.270698239,1.247643467,-0.4872175452,14.9146246,-19.25033002
296,0.7123948197,-1.692643437,619.2279961,122.0521964,-1588.573666,-637.8492605,3375.234086,43.67827707,48.84731934,4.272469986,1.232957222,-0.498034875,14.94672763,-19.23018868
297,0.7123535917,-1.692514345,619.2112635,122.751066,-1588.440608,-638.1375744,3374.419582,44.57301621,48.82538874,4.273342816,1.220959868,-0.5063504504,14.97001986,-19.21835826
298,0.7122222353,-1.692559246,619.119223,123.4861898,-1588.466693,-638.5158605,3373.846424,45.59809788,48.79424478,4.273282679,1.20493786,-0.5172466928,15.00323821,-19.20115224
299,0.7122290094,-1.692525948,619.1489437,124.2194283,-1588.422432,-638.7837534,3372.924612,46.562891,48.77087685,4.272542016,1.191902413,-0.5254888463,15.02726172,-19.19268316
300,0.7121694131,-1.692555,619.1253681,124.9339145,-1588.432785,-639.1464279,3372.043592,47.61461869,48.73856374,4.271036684,1.175011293,-0.5362226359,15.06077569,-19.17887183
301,0.7122047105,-1.692483534,619.1820881,125.5618373,-1588.351918,-639.3784129,3370.827241,48.47440609,48.71494522,4.268836765,1.161164192,-0.5442113882,15.08545426,-19.17344389
302,0.7121194877,-1.692503595,619.1340824,126.1731397,-1588.353196,-639.681215,3369.830629,49.43741071,48.68302991,4.266039514,1.14362895,-0.5545933428,15.12006875,-19.16212553
303,0.7121292244,-1.692359148,619.16605,126.7559226,-1588.203526,-639.8307613,3368.487008,50.3505488,48.6601934,4.26296957,1.129419531,-0.562210398,15.14597748,-19.15843843
304,0.7120391497,-1.692232772,619.1124148,127.3790677,-1588.06732,-640.0748516,3367.264755,51.47733471,48.62935749,4.259801698,1.111727401,-0.572304269,15.18156693,-19.14783551
305,0.7120249214,-1.691875071,619.1207736,128.0015956,-1587.717457,-640.2074732,3365.435731,52.64199222,48.60765562,4.256905172,1.097312574,-0.5799061474,15.20841502,-19.14396063
306,0.7118709093,-1.691470352,619.0056604,128.6474531,-1587.320089,-640.4154013,3363.470942,54.10472314,48.57833814,4.254335989,1.07948533,-0.5901633187,15.24508396,-19.13279324
307,0.7117770226,-1.691033856,618.9374923,129.2612387,-1586.896311,-640.5191595,3361.459073,55.58923151,48.55846042,4.252322363,1.065048038,-0.5980192899,15.27349123,-19.1276882
308,0.7115460621,-1.690806989,618.7481428,129.8922838,-1586.66586,-640.7645141,3360.037419,57.31404404,48.53121784,4.250722384,1.047350431,-0.608409342,15.31179178,-19.1152717
309,0.711404822,-1.690444608,618.6335127,130.4704399,-1586.311774,-640.9007118,3358.192965,58.97338543,48.51339476,4.249538504,1.033100884,-0.6163231154,15.34201041,-19.10880464
310,0.7111717494,-1.690079462,618.439689,131.0202567,-1585.951595,-641.1278854,3356.197048,60.71799457,48.4886457,4.248740325,1.01535105,-0.6269395855,15.38291662,-19.09486189
311,0.7110420998,-1.689546625,618.3335722,131.4782794,-1585.437724,-641.216393,3353.62827,62.29313232,48.47317877,4.248499419,1.001167897,-0.6351187619,15.41534919,-19.08649412
312,0.7108335144,-1.68913537,618.1602059,131.8626551,-1585.034622,-641.3903936,3351.308234,63.88637124,48.45093612,4.248709727,0.9837364386,-0.6460433193,15.4576284,-19.07046862
313,0.710775055,-1.68865071,618.1178235,132.1068212,-1584.566542,-641.4307118,3348.778516,65.18694463,48.43849604,4.249482024,0.9701650187,-0.6544823174,15.49116797,-19.05979557
314,0.7106633791,-1.688217118,618.0319919,132.2388855,-1584.143138,-641.5326677,3346.35971,66.38920281,48.41959929,4.250487729,0.953377911,-0.6654990164,15.53402321,-19.04151079
315,0.7106757791,-1.687567779,618.0525036,132.2015426,-1583.521045,-641.447092,3343.383998,67.23281047,48.4107161,4.251753348,0.9402277688,-0.6739042148,15.5681374,-19.02912194
316,0.7105910273,-1.686862711,617.9879189,132.0608037,-1582.842993,-641.3696795,3340.354613,67.99952361,48.39582165,4.253094173,0.923379658,-0.6849587923,15.61263028,-19.0093055
317,0.7106154736,-1.68580225,618.0157761,131.7471884,-1581.834962,-641.0470955,3336.550376,68.42475624,48.39088988,4.254663998,0.9098365424,-0.6935781828,15.6493269,-18.995744
318,0.710585213,-1.684541035,617.9983413,131.3302572,-1580.63552,-640.6923209,3332.48224,68.77435654,48.37994666,4.256340366,0.8931459697,-0.7046887709,15.69513616,-18.97547564
319,0.7106686356,-1.682927969,618.0782554,130.796895,-1579.109317,-640.1130021,3327.767893,68.87012069,48.37826523,4.258438274,0.8796571433,-0.7135409308,15.73296106,-18.96080426
320,0.7106519758,-1.681179182,618.0709991,130.1803773,-1577.452437,-639.5260783,3322.952796,68.86977226,48.36989821,4.260817324,0.8627685261,-0.7248913558,15.77992271,-18.93904099
321,0.710699649,-1.679043356,618.1155638,129.4190956,-1575.435638,-638.7015901,3317.53909,68.52511145,48.37004091,4.263386793,0.8489214412,-0.7339548319,15.81965584,-18.9230785
322,0.7106198161,-1.676775753,618.0473225,128.5738647,-1573.291857,-637.8634314,3312.249264,68.02571393,48.3634158,4.26587495,0.831671172,-0.7454527361,15.86907523,-18.90046419
323,0.7106138908,-1.674209644,618.0402377,127.6559625,-1570.871263,-636.8348108,3306.638786,67.25158968,48.36494398,4.268597449,0.8175441939,-0.7546614535,15.911115,-18.88395576
324,0.7105181588,-1.671620142,617.9566852,126.7555107,-1568.425519,-635.8666168,3301.211183,66.4980908,48.35872017,4.27140308,0.8002032014,-0.7663296719,15.9617934,-18.86060272
325,0.7105190766,-1.668901433,617.955696,125.8700254,-1565.861957,-634.7953776,3295.584295,65.613977,48.36057008,4.274454876,0.7862150102,-0.7757200387,16.00401009,-18.84340676
326,0.7104546751,-1.666336277,617.9017396,125.0774339,-1563.439105,-633.8786445,3290.284238,64.81680023,48.35413147,4.277504198,0.7689347662,-0.7877162396,16.05501218,-18.81990856
327,0.7104916198,-1.663712026,617.9348136,124.28367,-1560.964209,-632.8809534,3284.644499,63.7707206,48.35570379,4.280390031,0.7550303554,-0.7972355126,16.09722469,-18.80436203
328,0.7103910602,-1.661310731,617.8477655,123.5098408,-1558.694963,-632.0193349,3279.257525,62.65658354,48.34844832,4.283032246,0.7376896192,-0.8093681822,16.14864502,-18.78246066
329,0.710377342,-1.659170077,617.8343101,122.7110983,-1556.673673,-631.1346201,3274.195625,61.27991756,48.3490389,4.285469774,0.7238796762,-0.8190176388,16.19034169,-18.76837219
330,0.7103072666,-1.657554201,617.7770186,121.9499784,-1555.141139,-630.4726157,3270.200385,59.87591094,48.34061456,4.287588238,0.7066941844,-0.8313051059,16.24065501,-18.74803929
331,0.7103924778,-1.656105019,617.8571322,121.2203917,-1553.768287,-629.7757946,3266.465036,58.26588033,48.34041091,4.289681244,0.6928681671,-0.8412635392,16.2809828,-18.73543693
332,0.7104055255,-1.654912015,617.878777,120.5259672,-1552.632395,-629.2283797,3263.221507,56.60944756,48.33100217,4.291648664,0.6757612381,-0.853874418,16.32907119,-18.71630105
333,0.7105449816,-1.653730835,618.0107442,119.7858226,-1551.511306,-628.5844481,3259.805829,54.62113651,48.32981528,4.293597547,0.6623692238,-0.8639386649,16.36612635,-18.70545484
334,0.7106202277,-1.65289803,618.0915563,119.0533296,-1550.713616,-628.1084243,3256.997109,52.57202957,48.319568,4.295650736,0.6456728771,-0.8767203699,16.41105918,-18.68796452
335,0.710852673,-1.65238258,618.3116589,118.3279441,-1550.21737,-627.628881,3254.647439,50.32147113,48.31744984,4.297680525,0.6328096372,-0.8868692827,16.4451792,-18.67880366
336,0.7110088664,-1.652331962,618.469327,117.6755185,-1550.154194,-627.3620313,3253.119982,48.17727347,48.30625809,4.299492807,0.6171028956,-0.8992095601,16.48634492,-18.6635078
337,0.71129387,-1.652344912,618.7398953,117.0239157,-1550.154579,-627.0249777,3251.486107,45.91095701,48.30296277,4.300958341,0.6053433137,-0.9086401177,16.516656,-18.65653477
338,0.7114959532,-1.652517926,618.9411241,116.3811987,-1550.302205,-626.8020686,3250.128374,43.72644278,48.29124508,4.302050763,0.5907193702,-0.9201907468,16.55395644,-18.64378591
339,0.711816655,-1.652548609,619.2457045,115.7163634,-1550.320501,-626.438324,3248.354205,41.38030927,48.28741503,4.302657269,0.5802412521,-0.9286273622,16.57964303,-18.63970849
340,0.7120325035,-1.652659407,619.4603162,115.1250368,-1550.411413,-626.1762679,3246.847522,39.15438696,48.27522341,4.30294232,0.5672472124,-0.9389047047,16.61143424,-18.62976799
341,0.7123410873,-1.652642928,619.7541412,114.6141242,-1550.387401,-625.7951154,3245.096575,36.92984868,48.27078463,4.302715214,0.5586904343,-0.945874814,16.63089802,-18.62863905
342,0.7125125531,-1.652762278,619.9277434,114.2564316,-1550.488579,-625.5506751,3243.839814,35.02256367,48.257981,4.301878754,0.5479425879,-0.9543949623,16.65583459,-18.62253186
343,0.7127722284,-1.652728186,620.1761264,113.9320289,-1550.450474,-625.1634729,3242.366096,33.08472532,48.25311836,4.300302662,0.5418086474,-0.9594230293,16.66820161,-18.62559453
344,0.712907354,-1.652687632,620.3162842,113.6565996,-1550.404076,-624.8482541,3241.081962,31.31529927,48.23967971,4.29823418,0.5334411973,-0.9660396077,16.68619624,-18.6236508
345,0.7131471945,-1.652381617,620.546718,113.4165803,-1550.113389,-624.3657817,3239.274401,29.54157876,48.23416544,4.295486628,0.5297322419,-0.969071488,16.69155645,-18.6306681
346,0.713294797,-1.652054904,620.6991203,113.301524,-1549.801019,-623.9771258,3237.553543,28.06462689,48.22018299,4.292170902,0.5237493336,-0.9736761345,16.70330858,-18.63237103
347,0.7135619729,-1.651562432,620.9557551,113.2524201,-1549.337842,-623.470066,3235.481839,26.57883645,48.21410265,4.288323018,0.5224070516,-0.9747446757,16.70233561,-18.64239209
348,0.7137322944,-1.651211272,621.1297667,113.2893918,-1549.004145,-623.1099962,3233.858448,25.30217566,48.19981652,4.283706747,0.5180233047,-0.9777968827,16.70976893,-18.64819745
349,0.7140255886,-1.650812618,621.4108678,113.3671584,-1548.630104,-622.6748177,3232.167928,24.03411271,48.19376313,4.278367306,0.5178357966,-0.9775374687,16.70548533,-18.66293431
350,0.7142121011,-1.650636252,621.6005274,113.5185892,-1548.461449,-622.4110508,3231.018134,22.99839452,48.17901275,4.272366518,0.5145736975,-0.9793335444,16.70940838,-18.67193103
351,0.7145112394,-1.650486985,621.8873911,113.725766,-1548.322165,-622.0983192,3229.820364,21.9651007,48.17267733,4.26580082,0.5152715764,-0.9779500417,16.70261421,-18.68938574
352,0.7147228895,-1.650591497,622.100744,114.0228856,-1548.417946,-621.9724793,3229.149039,21.17549064,48.1578074,4.258704214,0.5130423428,-0.9786507852,16.70461034,-18.70102745
353,0.7150608198,-1.650677665,622.4239349,114.3357771,-1548.500364,-621.7779079,3228.355081,20.33315422,48.15152337,4.251246315,0.5146520083,-0.9763556621,16.69640289,-18.72100013
354,0.7153228301,-1.650929711,622.6837773,114.6455169,-1548.735083,-621.7189014,3227.994583,19.56114032,48.13739114,4.243187456,0.5130055378,-0.976310797,16.69767559,-18.736073
355,0.7156831333,-1.651102288,623.0269003,114.8812056,-1548.898748,-621.5467747,3227.365495,18.55262638,48.13215615,4.234844574,0.5148298095,-0.9734962489,16.68995389,-18.75908418
356,0.7159131674,-1.651343779,623.2558224,115.1181855,-1549.123646,-621.4867956,3226.87597,17.59641212,48.1189573,4.226031427,0.5132611834,-0.9730730559,16.69231111,-18.77641354
357,0.7162072312,-1.651389782,623.5357719,115.3520779,-1549.168667,-621.2953253,3225.848137,16.60320068,48.11477729,4.216988422,0.5151413725,-0.969894718,16.6859758,-18.80206285
358,0.7163582368,-1.651440481,623.6896798,115.6265333,-1549.214704,-621.1963145,3224.77893,15.83852134,48.10248059,4.207611962,0.5136325955,-0.9691746768,16.68984823,-18.82158343
359,0.7165600571,-1.651244716,623.8824154,115.8611818,-1549.033223,-620.9270885,3222.950201,15.01316879,48.09900974,4.197999752,0.5157377155,-0.9656310052,16.68432916,-18.84843798
360,0.7165816459,-1.651040626,623.9146426,116.0452795,-1548.840596,-620.7001978,3221.051207,14.24944871,48.08702819,4.188349992,0.5145041604,-0.9645022281,16.68834355,-18.86862986
361,0.7166291365,-1.650528569,623.9623834,116.135688,-1548.362808,-620.2591942,3218.424298,13.28128486,48.08382358,4.178612475,0.5169169643,-0.9604352162,16.6829978,-18.89601144
362,0.7165013046,-1.649894139,623.8545697,116.2057236,-1547.76642,-619.8379331,3215.66856,12.49171294,48.07175801,4.168584711,0.5154901125,-0.9588488264,16.68815773,-18.91631415
363,0.7164154575,-1.648946914,623.7777842,116.232071,-1546.880273,-619.2131354,3212.234922,11.76006702,48.06803711,4.158549859,0.5176396074,-0.9543796184,16.68350733,-18.94326345
364,0.7161431301,-1.647957402,623.5353642,116.2636186,-1545.95092,-618.6540927,3208.771762,11.39695574,48.05507176,4.148931389,0.5162387851,-0.9525804479,16.68884869,-18.96134988
365,0.7158956578,-1.646688844,623.3076945,116.2368415,-1544.763586,-617.9337389,3204.586445,11.0712751,48.05066487,4.139901973,0.5185433301,-0.9481053792,16.6841752,-18.98541878
366,0.7154630118,-1.645415575,622.9155027,116.1743495,-1543.568236,-617.3083638,3200.485902,10.90765854,48.03712646,4.131491963,0.5172490034,-0.9464475938,16.68917256,-19.00058454
367,0.7151023778,-1.643943231,622.5822462,116.0390963,-1542.189906,-616.540296,3196.034801,10.57681336,48.03218473,4.12401837,0.5196658713,-0.942324518,16.68402561,-19.02086762
368,0.7146071746,-1.642542577,622.1320181,115.9050388,-1540.875081,-615.8997246,3192.0234,10.40342409,48.01801714,4.117501674,0.5183578776,-0.9412132495,16.68855518,-19.03150808
369,0.7142125804,-1.640961709,621.7676179,115.6908242,-1539.394678,-615.1146627,3187.639623,10.04166664,48.01237166,4.112007599,0.5204736787,-0.9378000206,16.68318114,-19.04686662
370,0.7136638475,-1.639439869,621.2678785,115.4397381,-1537.966019,-614.4538823,3183.422088,9.769361711,47.99751601,4.107577801,0.5189780935,-0.9374146863,16.68722377,-19.05184158
371,0.7131930228,-1.637808316,620.8325467,115.1147749,-1536.437941,-613.6924451,3178.837336,9.304513101,47.99131403,4.104291436,0.5209510857,-0.9347593715,16.68107201,-19.06119263
372,0.7125614874,-1.636339895,620.2556934,114.797669,-1535.058988,-613.1203067,3174.683352,9.009470021,47.97592095,4.102030459,0.5190653098,-0.935160663,16.68460335,-19.06039116
373,0.7120334923,-1.634820514,619.7670896,114.4644247,-1533.635651,-612.4811554,3170.482413,8.625998502,47.96937733,4.100583708,0.5205855532,-0.9332451277,16.67855571,-19.06411475
374,0.7113885222,-1.63346342,619.1772248,114.1938949,-1532.360831,-612.0166353,3166.93903,8.507926716,47.95439696,4.099818511,0.5184316366,-0.9342669363,16.68153632,-19.05801728
375,0.7108714101,-1.632019224,618.6978135,113.9590055,-1531.007646,-611.4585257,3163.345365,8.436042748,47.94886668,4.099958139,0.519596824,-0.9330318996,16.67443004,-19.05713799
376,0.7102678285,-1.630748121,618.1455732,113.8477885,-1529.813333,-611.0901193,3160.305365,8.737885914,47.93507542,4.10077594,0.5173083907,-0.9346513454,16.67568478,-19.04676058
377,0.709778007,-1.62940833,617.6904718,113.8214238,-1528.558598,-610.6667317,3157.066287,9.125742116,47.93082799,4.102220791,0.5190133499,-0.9337143235,16.66488266,-19.04162631
378,0.7091689347,-1.628268769,617.1319849,113.8943166,-1527.488797,-610.4470383,3154.289849,9.797327058,47.91813423,4.1043141,0.5178792608,-0.935386374,16.66089578,-19.02722941
379,0.7086834452,-1.627158749,616.6799675,114.0046337,-1526.450727,-610.1780698,3151.508296,10.38207392,47.91486547,4.107220786,0.5207725852,-0.9345064719,16.64486844,-19.01825988
380,0.7081132346,-1.626294165,616.1570157,114.2206396,-1525.640005,-610.1017607,3149.343378,11.21604066,47.90308061,4.110692246,0.5208470004,-0.9360230975,16.63574463,-19.00008847
381,0.7076806536,-1.62542093,615.753574,114.5274875,-1524.825337,-609.9601243,3147.067741,12.1080525,47.90085295,4.114783165,0.5250885725,-0.9347032924,16.61489425,-18.98770297
382,0.7071782187,-1.624772185,615.2928428,114.9802496,-1524.218455,-610.0142401,3145.301865,13.43147859,47.8904067,4.119383755,0.5265916447,-0.935734221,16.60152828,-18.96614638
383,0.7068232932,-1.624091431,614.9613717,115.4935315,-1523.585811,-609.9939943,3143.400467,14.81008585,47.88903305,4.124207219,0.5323505553,-0.9338621798,16.57616506,-18.95025881
384,0.7064037789,-1.623598805,614.5778711,116.0609865,-1523.126737,-610.1332859,3141.946127,16.44390096,47.87911808,4.129221719,0.5352551891,-0.9343451538,16.55824523,-18.92584857
385,0.7061610441,-1.623093089,614.3508886,116.6301571,-1522.659694,-610.1650956,3140.353144,18.03029731,47.8784669,4.134498762,0.542467084,-0.9318089914,16.528228,-18.90797961
386,0.7058394219,-1.622805937,614.0586122,117.2722802,-1522.394353,-610.3556555,3139.279278,19.85631312,47.86912977,4.13994157,0.546413513,-0.931888371,16.50682143,-18.8817029
387,0.7056810688,-1.62245919,613.9103827,117.9372286,-1522.077226,-610.4271003,3137.951567,21.63662644,47.86885766,4.145503271,0.554462515,-0.9290419601,16.4739781,-18.86249564
388,0.7054176366,-1.62229266,613.6723512,118.685196,-1521.925526,-610.6556421,3136.94978,23.73766749,47.85984567,4.151090333,0.5589315634,-0.9288495866,16.45076905,-18.83553311
389,0.7053046316,-1.622102885,613.5662927,119.4207754,-1521.756093,-610.7660264,3135.649305,25.77458063,47.85992945,4.156736951,0.5674676457,-0.9256845998,16.41606451,-18.81549415
390,0.7051229769,-1.62202444,613.4043842,120.1676931,-1521.687585,-610.9894183,3134.45977,27.97522144,47.85148424,4.162357535,0.572524149,-0.9251952523,16.39085287,-18.7881901
391,0.7051177776,-1.621751129,613.3988786,120.8582042,-1521.440055,-611.0482909,3132.554078,29.99205074,47.85211399,4.168061738,0.5813014561,-0.921993316,16.35498073,-18.76830955
392,0.7050201803,-1.621547753,613.3152276,121.556012,-1521.25451,-611.233147,3130.651973,32.14034581,47.8442395,4.173766592,0.5864815659,-0.9215064678,16.32892832,-18.74148486
393,0.7050569473,-1.621334663,613.3491254,122.1754116,-1521.063433,-611.3272092,3128.53892,34.15619151,47.84482127,4.179428936,0.5952368882,-0.9184300504,16.29245502,-18.72194676
394,0.7050251093,-1.621327209,613.327051,122.7709743,-1521.061474,-611.5642166,3126.825467,36.33480782,47.83703845,4.184957249,0.6002680771,-0.9180868655,16.26622212,-18.69581071
395,0.7051300842,-1.621256882,613.4244919,123.3238493,-1521.0036,-611.6872113,3124.774702,38.36217763,47.83804174,4.190001532,0.6083455968,-0.9152334498,16.23185692,-18.67735244
396,0.7051432688,-1.621351855,613.443701,123.9129107,-1521.096758,-611.9558287,3123.004054,40.55796388,47.83119699,4.194746044,0.6124394941,-0.9150098953,16.20862918,-18.65285768
397,0.7052595744,-1.621386936,613.5511736,124.4846084,-1521.136633,-612.1366792,3121.153592,42.70760102,47.83279432,4.199047611,0.6194161139,-0.9123354763,16.17792149,-18.63620597
398,0.7052617817,-1.621562184,613.5594092,125.0886919,-1521.304178,-612.4672834,3119.98618,45.06369983,47.82662877,4.202916564,0.6226149846,-0.9121331381,16.15797844,-18.61400411
399,0.7053404606,-1.621622358,613.6307207,125.6756934,-1521.366613,-612.7103375,3118.879625,47.30779759,47.82910138,4.206080687,0.6286200293,-0.9094458614,16.130517,-18.60015229
400,0.7052858905,-1.621802315,613.5850981,126.3045327,-1521.537491,-613.0950098,3118.44812,49.6626309,47.82354885,4.208542347,0.6307363364,-0.9092129447,16.11407602,-18.58159625
401,0.7053093749,-1.621858081,613.6046751,126.9159976,-1521.59471,-613.3626329,3118.043449,51.80502266,47.82599519,4.210212351,0.6356591056,-0.9064780835,16.08992054,-18.57178224
402,0.7052257832,-1.62205015,613.5319591,127.4890176,-1521.776155,-613.7269501,3118.249446,53.82818707,47.82031997,4.211226789,0.6369841613,-0.9060645632,16.07617884,-18.55717556
403,0.7052094288,-1.622168009,613.5145572,127.9474426,-1521.891447,-613.9550729,3118.362842,55.51765883,47.82238479,4.211223988,0.6417484506,-0.9026381536,16.0538849,-18.55157265
404,0.7050330878,-1.622539291,613.3559731,128.344194,-1522.24107,-614.3323551,3119.144815,57.17229443,47.81559841,4.210403991,0.6431877782,-0.9013029913,16.04135137,-18.54085868
405,0.7049366811,-1.622997943,613.2645024,128.643234,-1522.676352,-614.6401841,3120.172201,58.54447425,47.81666007,4.208800061,0.6483523967,-0.8968479054,16.01950882,-18.53908685
406,0.7047333425,-1.623727517,613.0819119,128.8876652,-1523.362335,-615.0970686,3121.993191,59.82400622,47.8085622,4.206654877,0.6501492971,-0.89461586,16.00806239,-18.5319765
407,0.7046489029,-1.624384826,613.0025835,128.9838504,-1523.984255,-615.3995088,3123.778792,60.66866561,47.80870404,4.203802227,0.6556529462,-0.8893211567,15.98762636,-18.53418655
408,0.7044400568,-1.62513588,612.8158636,128.9923102,-1524.690712,-615.7828368,3125.952427,61.32247068,47.79957065,4.20042859,0.6577797359,-0.8863029398,15.97767916,-18.53100771
409,0.7043446802,-1.625677266,612.7269654,128.8716546,-1525.204393,-615.989747,3127.673019,61.5651047,47.79902575,4.196392922,0.6637554655,-0.880121911,15.95805614,-18.537234
410,0.7041435932,-1.626278708,612.5483065,128.6781295,-1525.77103,-616.2993362,3129.519359,61.73952304,47.78910768,4.19176831,0.6663679084,-0.8762767601,15.94853912,-18.53806122
411,0.7040605577,-1.62665743,612.4712831,128.379036,-1526.132645,-616.447074,3130.713071,61.58629449,47.78826135,4.186470026,0.6728217429,-0.8692983465,15.92912944,-18.54878914
412,0.7038670355,-1.627027829,612.2994423,128.0516391,-1526.482987,-616.6856744,3131.857863,61.35904433,47.77861935,4.180761215,0.6758090687,-0.8647754101,15.91998919,-18.55391537
413,0.7037859981,-1.627066668,612.2236673,127.6005619,-1526.526156,-616.7071601,3132.170598,60.65951278,47.77839853,4.174846997,0.6825544028,-0.8573332024,15.90111485,-18.56821175
414,0.7035990785,-1.627038473,612.0571985,127.0557941,-1526.502914,-616.777272,3132.342074,59.7833415,47.76957632,4.16903017,0.6857531401,-0.8525886848,15.89264947,-18.57575881
415,0.7035447553,-1.626764876,612.0052026,126.3944862,-1526.253546,-616.6732723,3131.875154,58.55990238,47.77062856,4.163655397,0.6929618959,-0.8451187958,15.8743497,-18.59117593
416,0.7034089416,-1.62661593,611.8852886,125.7199926,-1526.117877,-616.7096548,3131.827593,57.422746,47.76317817,4.15864499,0.6969716983,-0.8403485216,15.86630178,-18.59909484
417,0.7033999297,-1.626310239,611.8745823,124.992564,-1525.839209,-616.6116548,3131.539999,56.07162022,47.76543324,4.153943028,0.7049773658,-0.832809977,15.84841782,-18.61497433
418,0.703257499,-1.625932521,611.747585,124.2431324,-1525.489492,-616.5723672,3131.232396,54.71651648,47.7588607,4.149616393,0.7094800959,-0.8280510406,15.84108776,-18.62337716
419,0.7032376637,-1.625214434,611.7260787,123.4131664,-1524.824179,-616.3153996,3130.17807,53.03077289,47.76176573,4.145622299,0.7175800387,-0.8207686786,15.82417709,-18.63929752
420,0.7031270439,-1.624459579,611.6283122,122.565895,-1524.120556,-616.1210199,3129.144615,51.27488684,47.7557943,4.142011801,0.7218515265,-0.8165726494,15.81853923,-18.64751075
421,0.7031698163,-1.623518362,611.665146,121.6828024,-1523.245379,-615.7709276,3127.801899,49.20818651,47.75907187,4.138819736,0.7293362335,-0.8101349396,15.80427155,-18.66290611
422,0.7031058567,-1.622751356,611.6110101,120.8445068,-1522.52951,-615.5609297,3127.074665,47.20687752,47.75322728,4.13604212,0.7327571672,-0.8069658777,15.80126791,-18.66958779
423,0.7031426398,-1.62201974,611.6421358,119.9880214,-1521.850068,-615.2479568,3126.618805,44.96097483,47.75659624,4.133519235,0.7394151718,-0.8015996135,15.78899877,-18.68305509
424,0.7030586957,-1.621555192,611.5689986,119.1469383,-1521.416733,-615.0741532,3127.040809,42.73305597,47.75101169,4.131334196,0.7417282148,-0.7996168908,15.78865861,-18.68836531
425,0.7030957753,-1.621005919,611.5999023,118.2943561,-1520.907,-614.7596666,3127.400208,40.30385342,47.75488076,4.129329868,0.7470962923,-0.7954140431,15.7800045,-18.70070109
426,0.7030430939,-1.620654429,611.5555705,117.5172576,-1520.578223,-614.5873367,3128.447495,38.04303553,47.7498087,4.127524831,0.7479423495,-0.7946124129,15.78367547,-18.70473483
427,0.7031653063,-1.620388369,611.6659884,116.756505,-1520.33255,-614.3415296,3129.90099,35.69204139,47.75400004,4.125889227,0.7517772282,-0.7916407286,15.77878838,-18.71572888
428,0.7032456817,-1.620532621,611.7464389,116.0232766,-1520.467179,-614.2959195,3132.59374,33.47599189,47.74892466,4.124304484,0.7511285709,-0.7920612408,15.78612759,-18.71847071
429,0.7034980812,-1.620783364,611.9789052,115.2537567,-1520.704807,-614.1769021,3135.586845,31.0750756,47.75315561,4.122679998,0.7536129123,-0.7902173401,15.78493637,-18.72878864
430,0.703661791,-1.621184176,612.1373115,114.5363354,-1521.07877,-614.19408,3138.970373,28.82588332,47.74827434,4.121044922,0.7516986108,-0.7917000639,15.79607096,-18.73150725
431,0.7039432888,-1.621425228,612.3964611,113.8305638,-1521.306166,-614.0686774,3141.91183,26.51620961,47.75310995,4.119405058,0.7530392649,-0.7907884588,15.79850071,-18.74205943
432,0.7041271835,-1.621823286,612.5730479,113.1559971,-1521.676479,-614.0689387,3145.30675,24.40488157,47.74897744,4.117688386,0.7500579343,-0.7931096246,15.81310037,-18.74507736
433,0.704487996,-1.622251103,612.9057038,112.4339676,-1522.078148,-613.9676845,3148.788995,22.15576897,47.75468715,4.116127537,0.7505252525,-0.7929818344,15.81872201,-18.7564643
434,0.7048279203,-1.623005992,613.2275459,111.7026515,-1522.782445,-614.0250711,3153.080331,20.00241343,47.75162205,4.114721948,0.7468960659,-0.7960422225,15.83601603,-18.75999639
435,0.7053307508,-1.623887398,613.6919566,110.948038,-1523.608822,-614.0085096,3157.572137,17.7528082,47.75875977,4.113218421,0.7467013376,-0.7965710496,15.84381929,-18.77155354
436,0.7056895118,-1.625007622,614.0300457,110.2701976,-1524.654808,-614.1453335,3162.585967,15.80587417,47.75711237,4.111649906,0.7421556252,-0.8002748261,15.86356704,-18.77568258
437,0.7061144089,-1.62603711,614.419993,109.6121327,-1525.619189,-614.1493288,3167.255167,13.90518392,47.76562853,4.110067517,0.7410939452,-0.8013861349,15.8740605,-18.78843233
438,0.7064034382,-1.627093936,614.6911532,108.9630728,-1526.604861,-614.2264984,3171.876849,12.17836254,47.76551649,4.108687749,0.7356872705,-0.8058071137,15.89660348,-18.79336952
439,0.7067710679,-1.627921424,615.0256905,108.2417139,-1527.378976,-614.107525,3175.745995,10.24677932,47.77573792,4.107531702,0.7337946532,-0.8076571804,15.90976615,-18.80608341
440,0.7069595878,-1.628838463,615.201329,107.5266492,-1528.232808,-614.0898891,3179.669236,8.502552863,47.77689111,4.106617806,0.727638239,-0.81268929,15.93468363,-18.81061647
441,0.7071703953,-1.629637548,615.3878875,106.8336179,-1528.979608,-613.9573976,3183.038078,6.786301487,47.78802542,4.106070564,0.7250665377,-0.8151041705,15.94944841,-18.82262361
442,0.7072007417,-1.630519275,615.4144903,106.2558751,-1529.799872,-613.970192,3186.464362,5.400722297,47.78988106,4.105761214,0.718456462,-0.8206009451,15.97555778,-18.82593526
443,0.7072851429,-1.63120406,615.4818665,105.7372378,-1530.439265,-613.8466035,3189.298258,3.986594908,47.80165527,4.10553196,0.7156673531,-0.8233242335,15.99099158,-18.83667335
444,0.7072237721,-1.631921908,615.4218521,105.3003605,-1531.105688,-613.8347165,3192.154603,2.767265085,47.80411688,4.105337081,0.7089005481,-0.8290342202,16.01711955,-18.83901772
445,0.7072363481,-1.63246084,615.4215867,104.8999292,-1531.608106,-613.6998206,3194.37475,1.520987455,47.81617588,4.105137532,0.7059155152,-0.8318383333,16.03215156,-18.84888094
446,0.7070837515,-1.633064282,615.2767325,104.5875448,-1532.16721,-613.7085066,3196.588412,0.5915422707,47.81792686,4.104711839,0.6991179411,-0.8373945021,16.05693734,-18.85017361
447,0.7069848296,-1.63344997,615.1729163,104.3360358,-1532.526291,-613.5983543,3198.059001,-0.2905351574,47.82897532,4.104224281,0.6965054675,-0.8397955866,16.0692634,-18.85929017
448,0.7067615149,-1.633865777,614.9623786,104.2152592,-1532.909814,-613.6276716,3199.477769,-0.8609287638,47.83009116,4.103792506,0.6900894808,-0.8450125958,16.09116333,-18.85988322
449,0.7066436187,-1.634087735,614.8414235,104.2264827,-1533.115512,-613.56289,3200.248278,-1.330429225,47.84048468,4.103273674,0.6876379061,-0.8472158651,16.10048273,-18.86835535
450,0.7063932387,-1.634325308,614.6064143,104.4017928,-1533.332148,-613.6443066,3200.92207,-1.436563722,47.84069052,4.102568771,0.6814813203,-0.8521524437,16.11877597,-18.86873322
451,0.7062134935,-1.634380809,614.4284255,104.6638816,-1533.382157,-613.6250559,3200.893092,-1.464076624,47.85011634,4.101631652,0.6794411751,-0.853891463,16.12424755,-18.87701393
452,0.7059054911,-1.634547813,614.1404615,105.0105693,-1533.532888,-613.7503435,3200.977519,-1.237980703,47.84923939,4.100500442,0.6735587664,-0.8583008365,16.1391705,-18.87705931
453,0.705725099,-1.63464452,613.962978,105.3852456,-1533.621961,-613.7676542,3200.683396,-1.044556188,47.85755329,4.09920102,0.6719401916,-0.859368798,16.14129973,-18.8852874
454,0.7054811238,-1.634939965,613.7359943,105.8202626,-1533.893833,-613.9334553,3200.771017,-0.6362656565,47.85574007,4.097882957,0.6667477777,-0.8630379482,16.15287647,-18.88500718
455,0.7053786399,-1.635179057,613.6321504,106.2476767,-1534.1172,-613.98848,3200.524914,-0.3036724315,47.86347586,4.096619166,0.6658972454,-0.8634035092,16.15198207,-18.89251082
456,0.7051908884,-1.635534171,613.458139,106.6734002,-1534.445813,-614.1661654,3200.436783,0.1333942388,47.86141608,4.095369066,0.6614883736,-0.8663546146,16.16096103,-18.89193944
457,0.7051401113,-1.635832514,613.402678,107.0796637,-1534.725495,-614.2375056,3200.051217,0.4774965979,47.86925897,4.094082918,0.6613887336,-0.8659968947,16.15808673,-18.89953234
458,0.7050096992,-1.636400425,613.2818832,107.5511683,-1535.254132,-614.5032443,3200.206805,1.052162711,47.86775478,4.092705683,0.657444544,-0.8683765882,16.16596003,-18.89910344
459,0.7049989927,-1.637015118,613.2632087,108.0253071,-1535.830576,-614.7015624,3200.211832,1.569066203,47.87638887,4.091335211,0.6574379097,-0.8677202666,16.16262842,-18.90705766
460,0.704887368,-1.637851012,613.1591137,108.5071514,-1536.610314,-615.0493534,3200.574228,2.202048149,47.87580362,4.089927298,0.6532845296,-0.8698744177,16.17090136,-18.90763249
461,0.7048764987,-1.638597846,613.139223,108.9166419,-1537.31034,-615.2624572,3200.550971,2.639782996,47.88550119,4.088695151,0.6529383765,-0.8690375582,16.16888965,-18.91667725
462,0.7047376102,-1.639496741,613.0084102,109.3314616,-1538.148934,-615.6170045,3200.843477,3.241013225,47.88606606,4.087502882,0.6485588812,-0.8711406837,16.17844696,-18.91830743
463,0.7046998022,-1.640326968,612.9622328,109.717041,-1538.926834,-615.8723105,3200.901689,3.786266947,47.89678756,4.086555391,0.6478821233,-0.8704251913,16.17808815,-18.92822706
464,0.7045164065,-1.641269851,612.7884044,110.1497222,-1539.806242,-616.2743323,3201.256031,4.638461283,47.89862955,4.085876351,0.6430652019,-0.8728595198,16.1897857,-18.92981682
465,0.7043994728,-1.642076658,612.6667551,110.5880655,-1540.561824,-616.5624222,3201.300938,5.472701629,47.91061997,4.085565328,0.6420339974,-0.8725961394,16.19110247,-18.93926427
466,0.7041560684,-1.642938572,612.4358656,111.0688551,-1541.364936,-616.9775981,3201.670723,6.507584291,47.91324766,4.085339904,0.636852944,-0.8754406112,16.20449472,-18.94085529
467,0.7040185344,-1.643580929,612.2942333,111.5371401,-1541.965839,-617.2505445,3201.629953,7.458384179,47.92590227,4.085270571,0.6353610957,-0.8756161263,16.20820833,-18.94998953
468,0.703761733,-1.644191489,612.0503138,112.049892,-1542.532909,-617.6340208,3201.77438,8.683807201,47.92899643,4.085446862,0.6298550362,-0.8789369514,16.22340754,-18.95027358
469,0.7035979259,-1.644467328,611.8840076,112.5730104,-1542.789673,-617.8540597,3201.307619,9.919038881,47.94168631,4.08594441,0.6279412256,-0.8797051474,16.22842438,-18.95790219
470,0.7033261362,-1.644615397,611.6265008,113.174454,-1542.922571,-618.1660655,3200.917365,11.39852053,47.944312,4.086812417,0.6219815308,-0.8836656103,16.24476243,-18.95639871
471,0.7031789087,-1.644404091,611.4766089,113.7966311,-1542.722335,-618.2978879,3199.934556,12.76426475,47.95613566,4.088342171,0.6199061517,-0.885046752,16.25028248,-18.96138023
472,0.702949859,-1.644036263,611.2600353,114.4792149,-1542.371709,-618.4797789,3199.010264,14.25520165,47.95790927,4.090543834,0.614224968,-0.8894725848,16.26611651,-18.95672692
473,0.7028597563,-1.64327699,611.164419,115.1379589,-1541.658252,-618.4340302,3197.468261,15.58256439,47.96902843,4.093191898,0.6128045109,-0.8910429065,16.27013707,-18.95839093
474,0.7026806638,-1.642399282,610.9954744,115.7900605,-1540.83033,-618.4218445,3195.942363,17.03368655,47.97002215,4.096613296,0.6079868991,-0.8955723597,16.28376397,-18.94972316
475,0.7026151837,-1.64123632,610.9240057,116.4055255,-1539.739299,-618.2117926,3193.826837,18.39958438,47.98008435,4.100680512,0.6075675746,-0.8971122299,16.28533269,-18.94689439
476,0.7024184951,-1.640102252,610.740042,117.0719452,-1538.672116,-618.1026984,3191.791353,19.98437607,47.9795959,4.105422994,0.603900932,-0.9013385539,16.29665483,-18.93378502
477,0.7023225486,-1.638769979,610.6413276,117.7456904,-1537.423578,-617.8356417,3189.170652,21.47924852,47.98833284,4.110994481,0.6047516638,-0.9025228861,16.2960038,-18.92679071
478,0.702114147,-1.637446158,610.4474832,118.4188328,-1536.179971,-617.6438155,3186.654787,23.08092686,47.98674076,4.117316971,0.6026081285,-0.9063083571,16.30486575,-18.9095956
479,0.7020184005,-1.635900426,610.3501287,118.9780167,-1534.733227,-617.2412843,3183.647584,24.44841545,47.99430532,4.124059385,0.6054329658,-0.9066641994,16.30112602,-18.89875236
480,0.7017991858,-1.634406352,610.1474475,119.4935023,-1533.33214,-616.9092253,3180.770085,25.9272658,47.99140959,4.131505079,0.6054713962,-0.9094490836,16.30647142,-18.87793586
481,0.7016861702,-1.632733574,610.0350659,119.9472743,-1531.768387,-616.4149571,3177.257413,27.2608995,47.99780642,4.139341735,0.6104290611,-0.9087466659,16.29916748,-18.86350947
482,0.7014426975,-1.631196472,609.8106539,120.4246351,-1530.328821,-616.0620948,3173.900795,28.75236325,47.99389267,4.147419534,0.6123386864,-0.9103935472,16.3009429,-18.83952817
483,0.7013230898,-1.629603837,609.6928666,120.8521231,-1528.841678,-615.5954813,3170.135164,30.09628634,47.99951335,4.155984925,0.6187497597,-0.9087228035,16.29038071,-18.82212469
484,0.7010974839,-1.628241141,609.4859118,121.246634,-1527.566963,-615.287673,3166.826084,31.54471582,47.99489767,4.164945985,0.621954022,-0.9095488143,16.28892054,-18.79503173
485,0.7010159836,-1.626887589,609.4048938,121.5114916,-1526.305265,-614.8756401,3163.419486,32.79275659,47.99948562,4.174173546,0.629602297,-0.9070675226,16.27510919,-18.77512727
486,0.7008418899,-1.625769502,609.2474545,121.7077538,-1525.261103,-614.627978,3160.479672,34.19264448,47.99366201,4.183462817,0.6339676001,-0.9070009505,16.27050973,-18.74674645
487,0.700806044,-1.624620425,609.2104818,121.8135275,-1524.19211,-614.2812362,3157.285675,35.44134093,47.99701883,4.192711178,0.6425663339,-0.9036597567,16.25421895,-18.72582819
488,0.7006644463,-1.623666755,609.0848738,121.9007075,-1523.302698,-614.0945026,3154.555226,36.85180273,47.98983817,4.201687253,0.6474941562,-0.9028492524,16.24750286,-18.69616337
489,0.700672041,-1.6226593,609.0900958,121.9029912,-1522.36668,-613.7907384,3151.698555,38.0323467,47.99173841,4.210361236,0.6562552072,-0.898902077,16.22942693,-18.67444958
490,0.7005999906,-1.621865617,609.0307841,121.8986756,-1521.627359,-613.6573495,3149.485751,39.28881072,47.9834821,4.218562499,0.661241516,-0.897597938,16.22131386,-18.64451686
491,0.7007115934,-1.62104362,609.1341565,121.8293444,-1520.865267,-613.4302765,3147.190854,40.36003989,47.98476948,4.226084446,0.6700069928,-0.8931625005,16.20249305,-18.62322513
492,0.7007856288,-1.62043241,609.2123628,121.7397652,-1520.297025,-613.3699052,3145.37675,41.57184614,47.97599257,4.233051511,0.6749506617,-0.8913482467,16.19408645,-18.59448566
493,0.7010296139,-1.619747066,609.4403682,121.6189189,-1519.66284,-613.2062262,3143.347994,42.59912893,47.97679363,4.239272738,0.6834735256,-0.8865177436,16.17584971,-18.57447056
494,0.7011566534,-1.61925449,609.5685086,121.5726015,-1519.20537,-613.2149745,3141.906098,43.77416504,47.9677893,4.24473733,0.6879349505,-0.8845037802,16.16855205,-18.54721476
495,0.7014066482,-1.618700607,609.802221,121.5442018,-1518.69396,-613.1282128,3140.363157,44.7934745,47.96851902,4.249358907,0.6959501569,-0.8795667745,16.15105794,-18.5292599
496,0.7015744973,-1.6182814,609.9686588,121.5677849,-1518.304536,-613.1822736,3139.310923,45.94218495,47.95948806,4.253138848,0.6996537141,-0.8775274389,16.14481116,-18.5043408
497,0.7019581276,-1.617656905,610.3275574,121.5428867,-1517.726081,-613.0573094,3137.981287,46.78757303,47.96035346,4.25605344,0.7068421892,-0.8726181114,16.12848938,-18.48850122
498,0.7022909294,-1.61707946,610.6480822,121.5425834,-1517.187755,-613.0244958,3137.063388,47.60321334,47.9519261,4.258089044,0.7100377824,-0.8705052525,16.12302566,-18.46614929
499,0.7027588196,-1.616389676,611.0851979,121.5590681,-1516.547762,-612.8715373,3135.986493,48.16594338,47.95359228,4.259159292,0.7169151564,-0.8654939705,16.10755837,-18.4540899
500,0.7030959398,-1.615879595,611.4091015,121.628464,-1516.072159,-612.8654649,3135.358652,48.83891289,47.94583589,4.259420225,0.7196600715,-0.8634509833,16.10310853,-18.43541865
501,0.7035662358,-1.615326201,611.8480544,121.6785632,-1515.55931,-612.7353755,3134.518368,49.33450868,47.94792099,4.259074748,0.7257766526,-0.8587909197,16.08863594,-18.42571704
502,0.7040066765,-1.614937479,612.268489,121.7650943,-1515.196859,-612.7206083,3134.231787,49.93378481,47.94052638,4.258063109,0.7278650223,-0.8570173227,16.0851275,-18.40963936
503,0.704634473,-1.614376858,612.8548418,121.8612981,-1514.67675,-612.5513319,3133.709766,50.41503809,47.94291358,4.256633249,0.7334994027,-0.8524591955,16.0716385,-18.40300387
504,0.7051873469,-1.61392011,613.3806947,121.9807804,-1514.249928,-612.4874822,3133.65596,51.00648067,47.9355392,4.254992036,0.7350104916,-0.8509180337,16.06898293,-18.38972159
505,0.7058442238,-1.613418151,613.9942284,122.101792,-1513.78432,-612.3073114,3133.432343,51.43861599,47.93801677,4.253270393,0.7401340264,-0.8467105101,16.05638902,-18.38608067
506,0.7063671404,-1.613251183,614.4918296,122.2868431,-1513.628813,-612.3111428,3133.914937,52.0490541,47.9308005,4.251289917,0.7412071635,-0.8454645554,16.05479005,-18.37581957
507,0.706956593,-1.613150582,615.0420836,122.4891266,-1513.538932,-612.2428199,3134.390146,52.61172025,47.93332806,4.249159318,0.7456694697,-0.8416493483,16.04333688,-18.37493185
508,0.707450061,-1.61321953,615.5116941,122.6671227,-1513.603919,-612.2885279,3135.346992,53.2638887,47.92648594,4.247010062,0.745997771,-0.8408583338,16.04300605,-18.36748523
509,0.7080746358,-1.613086535,616.0946769,122.7448174,-1513.482723,-612.1523641,3135.911562,53.65782239,47.92922188,4.244942485,0.7495224632,-0.8376119502,16.03308906,-18.36907445
510,0.7085666438,-1.613023831,616.5626721,122.7987352,-1513.423342,-612.1095556,3136.757536,54.10923738,47.9226259,4.243078755,0.7489442982,-0.8374760979,16.03394196,-18.36355115
511,0.709111202,-1.612927652,617.0701511,122.8257983,-1513.335684,-611.9669914,3137.463806,54.46223858,47.92582702,4.241437555,0.7514823942,-0.8349741376,16.02560548,-18.36660597
512,0.7094483688,-1.613116807,617.3923242,122.8674742,-1513.511475,-612.0091994,3138.717741,54.99519529,47.91984484,4.239906907,0.7498852553,-0.8354474058,16.02833217,-18.36276963
513,0.7097977488,-1.613299253,617.7163524,122.8320559,-1513.683985,-611.9608099,3139.767487,55.33263556,47.92346115,4.238433619,0.751300927,-0.8335615763,16.02203322,-18.36787127
514,0.7099471753,-1.613629827,617.8618292,122.763937,-1513.991141,-612.0474593,3141.239176,55.65670945,47.91811468,4.236912085,0.7484475844,-0.83482597,16.0270085,-18.36589843
515,0.7101311143,-1.613806687,618.0301343,122.6169342,-1514.157159,-612.0030725,3142.406688,55.69000067,47.92230541,4.235367883,0.748608807,-0.8338585824,16.02305484,-18.3723241
516,0.7101178757,-1.614086715,618.0226183,122.4492802,-1514.415709,-612.0804396,3143.931501,55.72754683,47.91740634,4.233927471,0.7445516064,-0.8360813355,16.03017589,-18.37164403
517,0.7101424035,-1.614225655,618.0411657,122.2427809,-1514.545085,-612.0337194,3145.081942,55.523801,47.92186088,4.23231975,0.743630831,-0.8359008419,16.0285936,-18.37926735
518,0.7099741091,-1.614420448,617.8883458,122.0419931,-1514.72241,-612.1111755,3146.305486,55.33608378,47.91685629,4.230487752,0.7382816159,-0.8388142832,16.03858018,-18.37969901
519,0.7098587226,-1.61442152,617.7759485,121.8004849,-1514.721204,-612.0554014,3146.892623,54.89178709,47.92104542,4.22844445,0.7360704174,-0.8392334501,16.03982885,-18.38851574
520,0.7095799719,-1.614498743,617.5196636,121.5786711,-1514.787303,-612.1230182,3147.633376,54.43247178,47.9159213,4.226423502,0.72975038,-0.8426605277,16.05224673,-18.38953056